ACC_X,ACC_Y,ACC_Z,GYRO_X,GYRO_Y,GYRO_Z,LIGH_1,GRAV_X,GRAV_Y,GRAV_Z,LINACC_X,LINACC_Y,LINACC_Z,ROTVEC_X,ROTVEC_Y,ROTVEC_Z,TIME,VOICE
-1.0630256,2.4420857,9.3661175,0.34920546,0.3726278,-0.053232543,15.0,-1.0351,2.0488,9.5341,-0.053299997,0.5581,0.22049999,-0.013109,0.119846,0.932557,2017-10-31 07:33:44,47.05281154475554