ACC_X,ACC_Y,ACC_Z,GYRO_X,GYRO_Y,GYRO_Z,LIGH_1,GRAV_X,GRAV_Y,GRAV_Z,LINACC_X,LINACC_Y,LINACC_Z,ROTVEC_X,ROTVEC_Y,ROTVEC_Z,TIME,VOICE
9.13,2.039,1.196,0.010635376,-0.028015137,0.008163452,0.0,9.491241,2.1382904,1.2305145,-0.3383789,-0.067993164,-0.11364746,-0.30873108,-0.5847473,-0.48747253,2017-01-23 02:45:55,-5.071905199684426