ACC_X,ACC_Y,ACC_Z,GYRO_X,GYRO_Y,GYRO_Z,LIGH_1,GRAV_X,GRAV_Y,GRAV_Z,LINACC_X,LINACC_Y,LINACC_Z,ROTVEC_X,ROTVEC_Y,ROTVEC_Z,TIME,VOICE
4.175583,5.375778,7.0396576,-0.13728333,-0.09585571,-0.060012817,6.0,4.2018056,5.3243766,7.082813,-0.02355194,0.05478573,-0.038653374,-0.0077720317,-0.37258106,-0.7402859,2017-10-07 18:00:24,50.31535319048522