ACC_X,ACC_Y,ACC_Z,GYRO_X,GYRO_Y,GYRO_Z,LIGH_1,GRAV_X,GRAV_Y,GRAV_Z,LINACC_X,LINACC_Y,LINACC_Z,ROTVEC_X,ROTVEC_Y,ROTVEC_Z,TIME,VOICE
3.145981,6.4260373,9.526528,-0.05865985,-0.04875742,-0.0019102854,1.0,2.1642184,5.9503603,7.488642,0.98176265,0.475677,2.0378861,0.18668969,0.28830504,0.915508,2017-03-13 23:41:06,68.71849650675938