ACC_X,ACC_Y,ACC_Z,GYRO_X,GYRO_Y,GYRO_Z,LIGH_1,GRAV_X,GRAV_Y,GRAV_Z,LINACC_X,LINACC_Y,LINACC_Z,ROTVEC_X,ROTVEC_Y,ROTVEC_Z,TIME,VOICE
7.2436676,3.971161,5.3957977,0.12841797,0.06613159,-0.024597168,36.249374,7.382621,3.9407408,5.1125197,-0.11137867,0.045139074,0.3023734,-0.28690705,-0.39625546,-0.7838866,2017-08-24 17:27:42,46.781214031898166