ACC_X,ACC_Y,ACC_Z,GYRO_X,GYRO_Y,GYRO_Z,LIGH_1,GRAV_X,GRAV_Y,GRAV_Z,LINACC_X,LINACC_Y,LINACC_Z,ROTVEC_X,ROTVEC_Y,ROTVEC_Z,TIME,VOICE
-0.4405331,2.9879637,9.548077,-0.10298684,-0.020605903,-0.03999948,33.0,0.0,0.0,0.0,0.0,0.0,0.0,0.12839012,-0.08676048,-0.65954083,2016-12-05 11:02:10,33.90342181865998