ACC_X,ACC_Y,ACC_Z,GYRO_X,GYRO_Y,GYRO_Z,LIGH_1,GRAV_X,GRAV_Y,GRAV_Z,LINACC_X,LINACC_Y,LINACC_Z,ROTVEC_X,ROTVEC_Y,ROTVEC_Z,TIME,VOICE
-0.1412579,7.589619,8.334216,-0.15460236,-0.1780776,-0.036030438,4.0,-0.42962435,6.611699,7.229885,0.28836644,0.97792006,1.104331,0.18465729,0.3113776,0.76969445,2017-03-08 22:33:21,56.95457830015516