ACC_X,ACC_Y,ACC_Z,GYRO_X,GYRO_Y,GYRO_Z,LIGH_1,GRAV_X,GRAV_Y,GRAV_Z,LINACC_X,LINACC_Y,LINACC_Z,ROTVEC_X,ROTVEC_Y,ROTVEC_Z,TIME,VOICE
0.22266077,0.39983168,11.719617,0.009521067,0.017815482,-9.2891057E-4,14.0,0.48677114,0.06958149,9.79423,-0.2641104,0.3302502,1.925387,0.023442164,-0.008925825,0.8744839,2017-10-26 20:32:48,30.556149652735762