ACC_X,ACC_Y,ACC_Z,GYRO_X,GYRO_Y,GYRO_Z,LIGH_1,GRAV_X,GRAV_Y,GRAV_Z,LINACC_X,LINACC_Y,LINACC_Z,ROTVEC_X,ROTVEC_Y,ROTVEC_Z,TIME,VOICE
2.7485435,4.5394063,8.465898,-0.8772025,0.8527679,2.0683897,12.0,2.3669999,2.6134,9.1508,0.2935,1.823,-1.0174,0.099026,-0.153728,-0.255189,2017-04-15 17:39:52,43.030985913068555