ACC_X,ACC_Y,ACC_Z,GYRO_X,GYRO_Y,GYRO_Z,LIGH_1,GRAV_X,GRAV_Y,GRAV_Z,LINACC_X,LINACC_Y,LINACC_Z,ROTVEC_X,ROTVEC_Y,ROTVEC_Z,TIME,VOICE
5.6511536,1.0505829,7.9880676,-0.01171875,0.0027313232,-0.0027770996,13.440002,5.641817,1.0501086,7.9522047,-0.010620117,-0.002051115,0.04206705,0.30715793,-0.014297315,0.9263767,2017-01-30 21:58:51,31.129420688627786