ACC_X,ACC_Y,ACC_Z,LIGH_1,GRAV_X,GRAV_Y,GRAV_Z,LINACC_X,LINACC_Y,LINACC_Z,ROTVEC_X,ROTVEC_Y,ROTVEC_Z,TIME,VOICE
-1.7525556,3.217807,9.902418,15.0,-1.2833999,2.0774,9.4977,-0.4131,0.9626,-0.3089,0.108475,-0.063105,-0.875123,2017-07-31 19:13:33,55.97260873127887