ACC_X,ACC_Y,ACC_Z,GYRO_X,GYRO_Y,GYRO_Z,LIGH_1,GRAV_X,GRAV_Y,GRAV_Z,LINACC_X,LINACC_Y,LINACC_Z,ROTVEC_X,ROTVEC_Y,ROTVEC_Z,TIME,VOICE
7.9008656,-5.085284,2.5187001,0.0029239766,-0.05369653,-0.4344246,219.0,0.795749,-0.55270135,0.24759793,0.014265537,0.031778693,0.01817517,-0.6064034,-0.10816037,-0.5476444,2016-11-04 08:52:32,31.341618283476976