ACC_X,ACC_Y,ACC_Z,GYRO_X,GYRO_Y,GYRO_Z,LIGH_1,GRAV_X,GRAV_Y,GRAV_Z,LINACC_X,LINACC_Y,LINACC_Z,ROTVEC_X,ROTVEC_Y,ROTVEC_Z,TIME,VOICE
8.664859,-2.3682141,4.0870776,-0.14386594,-0.04873242,0.17215207,10.0,9.53901,1.3891581,1.8019273,0.12735943,-0.43940097,-0.03659848,0.24142127,-0.59147495,0.18505037,2017-10-21 18:34:08,-1.5116165934528114