ACC_X,ACC_Y,ACC_Z,GYRO_X,GYRO_Y,GYRO_Z,LIGH_1,GRAV_X,GRAV_Y,GRAV_Z,LINACC_X,LINACC_Y,LINACC_Z,ROTVEC_X,ROTVEC_Y,ROTVEC_Z,TIME,VOICE
-0.8565216,7.406082,6.4761505,0.0022277832,-0.014572144,-0.020904541,3.0,-0.87050617,7.4068274,6.368006,0.0180853,-0.03563738,0.07814598,0.13491398,-0.39646325,-0.88814783,2017-10-07 18:18:00,55.04932640989103