ACC_X,ACC_Y,ACC_Z,GYRO_X,GYRO_Y,GYRO_Z,LIGH_1,GRAV_X,GRAV_Y,GRAV_Z,LINACC_X,LINACC_Y,LINACC_Z,ROTVEC_X,ROTVEC_Y,ROTVEC_Z,TIME,VOICE
-0.009576807,0.009576807,9.643845,0.054124556,0.017898228,-0.06751794,240.0,6.6203147E-4,0.0016523201,0.99999845,-6.289298E-4,-7.10955E-4,-0.01593262,5.9802004E-4,-1.726335E-4,-0.21942747,2017-11-08 12:01:54,32.493751995333554