ACC_X,ACC_Y,ACC_Z,GYRO_X,GYRO_Y,GYRO_Z,LIGH_1,GRAV_X,GRAV_Y,GRAV_Z,LINACC_X,LINACC_Y,LINACC_Z,ROTVEC_X,ROTVEC_Y,ROTVEC_Z,TIME,VOICE
1.1958466,3.3977814,8.777206,0.11087036,0.15386963,-0.09364319,64.0,1.3035918,3.4131906,9.100614,-0.24474955,0.12137151,-0.24502182,0.15201326,0.11353335,0.82952374,2017-06-29 16:08:03,34.579029394563875