ACC_X,ACC_Y,ACC_Z,GYRO_X,GYRO_Y,GYRO_Z,LIGH_1,GRAV_X,GRAV_Y,GRAV_Z,LINACC_X,LINACC_Y,LINACC_Z,ROTVEC_X,ROTVEC_Y,ROTVEC_Z,TIME,VOICE
8.226477,-4.8362875,2.719813,-0.23227865,-0.33649686,0.19919229,360.0,0.84946704,-0.43720576,0.29539272,-0.011343479,-0.032693774,-0.037108213,-0.5675407,-0.1639373,-0.59376836,2016-11-04 08:52:19,31.552316272032527