ACC_X,ACC_Y,ACC_Z,LIGH_1,GRAV_X,GRAV_Y,GRAV_Z,LINACC_X,LINACC_Y,LINACC_Z,ROTVEC_X,ROTVEC_Y,ROTVEC_Z,TIME,VOICE
4.373764,-7.6295776,-3.550003,13.0,4.5708413,-7.857498,-3.6793373,-0.07640886,-0.02016306,-0.07345247,-0.7507766,-0.35203487,-0.04935251,2017-05-21 23:07:38,52.41455947749274