ACC_X,ACC_Y,ACC_Z,GYRO_X,GYRO_Y,GYRO_Z,LIGH_1,GRAV_X,GRAV_Y,GRAV_Z,LINACC_X,LINACC_Y,LINACC_Z,ROTVEC_X,ROTVEC_Y,ROTVEC_Z,TIME,VOICE
3.043106,4.245636,8.1861725,-1.5143585,0.15484619,0.23239136,95.0,3.5262084,5.0014067,7.6630397,-0.12515378,1.4990158,1.3719692,0.2051708,0.2422032,0.94337505,2017-06-29 11:30:29,50.9550636026315