ACC_X,ACC_Y,ACC_Z,GYRO_X,GYRO_Y,GYRO_Z,LIGH_1,GRAV_X,GRAV_Y,GRAV_Z,LINACC_X,LINACC_Y,LINACC_Z,ROTVEC_X,ROTVEC_Y,ROTVEC_Z,TIME,VOICE
-0.011971008,0.1412579,9.816227,3.211772E-4,-0.0064954497,-0.0019094865,15.0,-0.3024176,0.3031658,9.797223,0.29044658,-0.1619079,0.019003976,-2.1854602E-4,0.021840155,0.714971,2017-10-26 20:32:38,66.49513183908356