ACC_X,ACC_Y,ACC_Z,GYRO_X,GYRO_Y,GYRO_Z,LIGH_1,GRAV_X,GRAV_Y,GRAV_Z,LINACC_X,LINACC_Y,LINACC_Z,ROTVEC_X,ROTVEC_Y,ROTVEC_Z,TIME,VOICE
-0.35434186,4.414908,8.973468,-0.26145032,-0.22724187,-0.22479841,4.0,-0.5624,4.8785,8.4883995,0.085499994,-0.72609997,0.9597,0.222202,0.133552,0.399459,2017-10-16 04:41:13,37.79096395052771