ACC_X,ACC_Y,ACC_Z,GYRO_X,GYRO_Y,GYRO_Z,LIGH_1,GRAV_X,GRAV_Y,GRAV_Z,LINACC_X,LINACC_Y,LINACC_Z,ROTVEC_X,ROTVEC_Y,ROTVEC_Z,TIME,VOICE
-0.2873042,9.892841,1.4652514,0.11956787,-0.0068969727,-0.026931763,4.0,-0.2066803,9.685043,1.5256042,-0.079330444,0.2305603,-0.19081116,0.64346313,-0.09031677,-0.12168884,2017-03-10 00:30:49,19.330758292846234