ACC_X,ACC_Y,ACC_Z,LIGH_1,GRAV_X,GRAV_Y,GRAV_Z,LINACC_X,LINACC_Y,LINACC_Z,TIME,VOICE
0.038307227,4.0414124,9.241618,14.0,-0.16344418,4.1814466,8.880466,-0.3405087,0.08172209,0.3405087,2017-06-06 00:08:01,57.01533955983859