ACC_X,ACC_Y,ACC_Z,GYRO_X,GYRO_Y,GYRO_Z,LIGH_1,GRAV_X,GRAV_Y,GRAV_Z,LINACC_X,LINACC_Y,LINACC_Z,ROTVEC_X,ROTVEC_Y,ROTVEC_Z,TIME,VOICE
0.264,0.725,9.797,1.5258789E-5,1.5258789E-5,1.5258789E-5,30.0,0.25048828,0.7102051,9.777679,-0.018951416,-0.0019378662,0.028945923,0.03779602,0.006881714,0.4959259,2017-06-24 16:32:06,54.139021529024404