ACC_X,ACC_Y,ACC_Z,GYRO_X,GYRO_Y,GYRO_Z,LIGH_1,GRAV_X,GRAV_Y,GRAV_Z,LINACC_X,LINACC_Y,LINACC_Z,ROTVEC_X,ROTVEC_Y,ROTVEC_Z,TIME,VOICE
-0.8619126,2.9975405,9.701305,-0.11453723,-0.050178215,-0.0109083075,6.3999996,-0.89782566,3.0238767,9.287108,0.035913024,-0.02633622,0.4141969,0.14927046,0.13193183,0.31784844,2017-10-11 12:28:45,55.319121351736285