ACC_X,ACC_Y,ACC_Z,GYRO_X,GYRO_Y,GYRO_Z,LIGH_1,GRAV_X,GRAV_Y,GRAV_Z,LINACC_X,LINACC_Y,LINACC_Z,ROTVEC_X,ROTVEC_Y,ROTVEC_Z,TIME,VOICE
4.309563,7.536947,4.0797195,0.6785214,-0.1997593,0.057808645,0.0,0.4410655,0.7866433,0.43203405,-0.0058213174,-0.016909242,-0.013564646,0.5179049,-0.076973826,0.29990795,2016-11-09 16:12:33,48.21431967710491