ACC_X,ACC_Y,ACC_Z,GYRO_X,GYRO_Y,GYRO_Z,LIGH_1,GRAV_X,GRAV_Y,GRAV_Z,LINACC_X,LINACC_Y,LINACC_Z,ROTVEC_X,ROTVEC_Y,ROTVEC_Z,TIME,VOICE
0.038307227,2.4516625,9.701305,0.28221974,0.52778757,0.8857546,24.0,-0.1936,3.0871,9.306,0.24129999,-0.615,0.3761,0.160778,-0.021953,-0.197844,2017-09-03 19:38:06,59.46197220988808