ACC_X,ACC_Y,ACC_Z,GYRO_X,GYRO_Y,GYRO_Z,LIGH_1,GRAV_X,GRAV_Y,GRAV_Z,LINACC_X,LINACC_Y,LINACC_Z,ROTVEC_X,ROTVEC_Y,ROTVEC_Z,TIME,VOICE
0.4323578,9.910324,1.5710449,0.092163086,0.092285156,-0.006881714,19.320007,0.36446315,9.713754,1.296359,0.047253937,-0.015212059,-0.21583295,0.41403463,0.51232743,0.60250854,2017-05-22 23:06:53,40.18414280642955