ACC_X,ACC_Y,ACC_Z,GYRO_X,GYRO_Y,GYRO_Z,LIGH_1,GRAV_X,GRAV_Y,GRAV_Z,LINACC_X,LINACC_Y,LINACC_Z,ROTVEC_X,ROTVEC_Y,ROTVEC_Z,TIME,VOICE
7.631676,-0.151892,4.380948,1.0183889,0.43827367,1.2108932,28.6125,9.475871,1.85594,1.7128224,0.885003,3.14762,-3.8772814,0.5115707,-0.38854322,0.50982857,2017-03-06 20:13:23,NaN