ACC_X,ACC_Y,ACC_Z,GYRO_X,GYRO_Y,GYRO_Z,LIGH_1,GRAV_X,GRAV_Y,GRAV_Z,LINACC_X,LINACC_Y,LINACC_Z,ROTVEC_X,ROTVEC_Y,ROTVEC_Z,TIME,VOICE
8.350976,1.388637,5.0182467,0.16322081,-0.027546527,0.94053227,526.0,0.83961034,0.16223353,0.5183963,0.0099772215,-0.0126203,-0.0017871261,-0.47741458,-0.11966092,-0.8703804,2016-11-03 08:56:15,47.362331795015756