ACC_X,ACC_Y,ACC_Z,GYRO_X,GYRO_Y,GYRO_Z,LIGH_1,GRAV_X,GRAV_Y,GRAV_Z,LINACC_X,LINACC_Y,LINACC_Z,ROTVEC_X,ROTVEC_Y,ROTVEC_Z,TIME,VOICE
8.983,2.245,-3.314,-0.40464547,-0.3215159,-0.15403423,0.0,8.5388,2.2645,-4.258,0.053821,-0.598487,0.165958,-0.175833,-0.828361,-0.240121,2017-08-31 01:25:46,-8.64171920961574