ACC_X,ACC_Y,ACC_Z,LIGH_1,GRAV_X,GRAV_Y,GRAV_Z,LINACC_X,LINACC_Y,LINACC_Z,ROTVEC_X,ROTVEC_Y,ROTVEC_Z,TIME,VOICE
8.926514,-0.60861206,4.3651733,0.0,8.802725,-0.5466519,4.2876086,0.03000927,0.008790553,-0.015872478,-0.3596939,-0.38988855,-0.5350845,2017-10-31 20:53:49,29.141852602594618