ACC_X,ACC_Y,ACC_Z,GYRO_X,GYRO_Y,GYRO_Z,LIGH_1,GRAV_X,GRAV_Y,GRAV_Z,LINACC_X,LINACC_Y,LINACC_Z,ROTVEC_X,ROTVEC_Y,ROTVEC_Z,TIME,VOICE
0.3183136,9.719696,2.0408936,0.10675049,0.09138489,0.16871643,56.0,-0.039447688,9.62099,1.8987895,0.21911727,-0.0322361,-0.009138107,0.027878908,-0.63435906,-0.77192324,2017-07-18 08:38:38,47.37142528911743