ACC_X,ACC_Y,ACC_Z,GYRO_X,GYRO_Y,GYRO_Z,LIGH_1,GRAV_X,GRAV_Y,GRAV_Z,LINACC_X,LINACC_Y,LINACC_Z,ROTVEC_X,ROTVEC_Y,ROTVEC_Z,TIME,VOICE
-0.95103455,2.806015,11.08989,-0.77474976,-0.25628662,-0.2137146,1559.0,-0.71210307,2.1677134,9.537521,-0.5898381,-0.6734021,1.2977915,0.040562924,0.10989265,0.7778092,2017-03-26 20:16:29,58.43751210360725