ACC_X,ACC_Y,ACC_Z,GYRO_X,GYRO_Y,GYRO_Z,LIGH_1,GRAV_X,GRAV_Y,GRAV_Z,LINACC_X,LINACC_Y,LINACC_Z,ROTVEC_X,ROTVEC_Y,ROTVEC_Z,TIME,VOICE
0.7374141,4.0677485,11.319786,-0.025567146,-0.18522897,-0.16593198,0.0,0.3817606,3.9978049,8.9466305,0.35565352,0.06994367,2.3731556,0.14083573,0.15462075,0.78311026,2017-02-14 22:14:43,9.940214171428307