ACC_X,ACC_Y,ACC_Z,GYRO_X,GYRO_Y,GYRO_Z,LIGH_1,GRAV_X,GRAV_Y,GRAV_Z,LINACC_X,LINACC_Y,LINACC_Z,ROTVEC_X,ROTVEC_Y,ROTVEC_Z,TIME,VOICE
0.431,2.804,9.502,-0.06315613,-0.022232056,0.12602234,22597.0,0.11924744,2.8223572,9.390976,0.13952637,-0.16638184,0.075164795,0.13745117,-0.047943115,-0.2861786,2016-12-28 12:52:46,-7.247426476320382