ACC_X,ACC_Y,ACC_Z,LIGH_1,GRAV_X,GRAV_Y,GRAV_Z,LINACC_X,LINACC_Y,LINACC_Z,ROTVEC_X,ROTVEC_Y,ROTVEC_Z,TIME,VOICE
-1.685518,3.2944214,8.925584,16.0,-1.4801999,3.0735998,9.194099,-0.1672,-0.0923,0.1417,0.10451,-0.142503,-0.967654,2017-05-20 21:25:28,42.27674846050949