ACC_X,ACC_Y,ACC_Z,GYRO_X,GYRO_Y,GYRO_Z,LIGH_1,GRAV_X,GRAV_Y,GRAV_Z,LINACC_X,LINACC_Y,LINACC_Z,ROTVEC_X,ROTVEC_Y,ROTVEC_Z,TIME,VOICE
-0.02873042,0.24899697,9.528923,-0.014660766,0.0036651916,0.02687807,79.0,-0.0042999997,0.0998,9.8061,-0.015299999,0.1479,-0.0222,0.00135,0.004915,0.951771,2017-04-17 15:57:52,26.26147818277717