ACC_X,ACC_Y,ACC_Z,GYRO_X,GYRO_Y,GYRO_Z,LIGH_1,GRAV_X,GRAV_Y,GRAV_Z,LINACC_X,LINACC_Y,LINACC_Z,ROTVEC_X,ROTVEC_Y,ROTVEC_Z,TIME,VOICE
-0.14356937,-0.034695927,9.66162,0.0066856146,-0.022905275,-0.0029927585,108.0,-0.1522421,-0.005631522,9.805467,0.0110680405,-2.4767118E-4,-0.0015174189,0.0077155456,8.988739E-4,-0.99685067,2017-09-12 22:56:26,44.4929116736966