ACC_X,ACC_Y,ACC_Z,GYRO_X,GYRO_Y,GYRO_Z,LIGH_1,GRAV_X,GRAV_Y,GRAV_Z,LINACC_X,LINACC_Y,LINACC_Z,ROTVEC_X,ROTVEC_Y,ROTVEC_Z,TIME,VOICE
8.580819,1.6089035,4.4244847,-0.20637752,0.0049227774,-0.05385565,414.0,0.8783709,0.1627617,0.4494142,-0.002698183,0.0012404472,0.0019717813,-0.5047434,-0.14274597,-0.84803396,2016-11-03 08:53:49,30.247250520410933