ACC_X,ACC_Y,ACC_Z,GYRO_X,GYRO_Y,GYRO_Z,LIGH_1,GRAV_X,GRAV_Y,GRAV_Z,LINACC_X,LINACC_Y,LINACC_Z,ROTVEC_X,ROTVEC_Y,ROTVEC_Z,TIME,VOICE
0.8810662,2.8921957,8.714894,0.0036651914,-0.08674286,-0.036651913,16.0,-0.42209998,3.7380998,9.056399,1.655,-1.0654,0.28079998,0.171512,-0.093994,-0.564849,2017-09-03 18:51:15,47.97477072429986