ACC_X,ACC_Y,ACC_Z,LIGH_1,TIME,VOICE
2.3654714,-1.541866,9.346964,17.0,2017-03-11 15:00:21,47.23502926696983