ACC_X,ACC_Y,ACC_Z,GYRO_X,GYRO_Y,GYRO_Z,LIGH_1,GRAV_X,GRAV_Y,GRAV_Z,LINACC_X,LINACC_Y,LINACC_Z,ROTVEC_X,ROTVEC_Y,ROTVEC_Z,TIME,VOICE
8.9998045,1.316811,7.098808,0.036835246,-0.080090575,0.01400157,64.0,7.8345494,1.1973484,5.7755156,1.1652551,0.11946261,1.3232923,-0.42758435,-0.15087955,-0.87566197,2017-03-08 22:32:38,77.82696978384719