ACC_X,ACC_Y,ACC_Z,GYRO_X,GYRO_Y,GYRO_Z,LIGH_1,GRAV_X,GRAV_Y,GRAV_Z,LINACC_X,LINACC_Y,LINACC_Z,ROTVEC_X,ROTVEC_Y,ROTVEC_Z,TIME,VOICE
-1.9673004,4.6580353,7.034897,-0.4214325,-0.752121,-0.34091187,0.0,-2.7052531,4.3482857,8.363277,0.26842237,0.44186068,-0.5724945,0.03112793,0.26123047,0.760376,2017-05-28 02:31:41,23.76648231158046