ACC_X,ACC_Y,ACC_Z,GYRO_X,GYRO_Y,GYRO_Z,LIGH_1,GRAV_X,GRAV_Y,GRAV_Z,LINACC_X,LINACC_Y,LINACC_Z,ROTVEC_X,ROTVEC_Y,ROTVEC_Z,TIME,VOICE
0.36889648,2.8757782,8.016754,0.3160553,-0.3241272,-0.5653076,0.0,0.8635883,2.5355048,9.43376,-0.23709697,-0.17541552,0.4457817,0.13995361,0.018432617,0.6744995,2017-05-28 02:31:44,43.48103340419452