ACC_X,ACC_Y,ACC_Z,GYRO_X,GYRO_Y,GYRO_Z,LIGH_1,GRAV_X,GRAV_Y,GRAV_Z,LINACC_X,LINACC_Y,LINACC_Z,ROTVEC_X,ROTVEC_Y,ROTVEC_Z,TIME,VOICE
0.19153613,0.17238252,10.160992,3.4050067E-4,4.7051476E-4,-0.09023614,19.0,0.029416794,0.0034071193,9.806606,-0.27458304,-0.112369895,0.9943294,0.0015036301,-1.3709815E-4,0.9788077,2017-03-26 21:23:42,55.755155885374535