ACC_X,ACC_Y,ACC_Z,GYRO_X,GYRO_Y,GYRO_Z,LIGH_1,GRAV_X,GRAV_Y,GRAV_Z,LINACC_X,LINACC_Y,LINACC_Z,ROTVEC_X,ROTVEC_Y,ROTVEC_Z,TIME,VOICE
1.4722595,3.3447876,8.583054,-0.07434082,1.8269653,-0.9822693,3.869995,-0.44685966,3.4233472,9.178857,1.5215104,0.66664743,-0.2818489,0.10770916,-0.14377178,-0.7337049,2017-03-11 21:45:58,52.44639245313043