ACC_X,ACC_Y,ACC_Z,GYRO_X,GYRO_Y,GYRO_Z,LIGH_1,GRAV_X,GRAV_Y,GRAV_Z,LINACC_X,LINACC_Y,LINACC_Z,ROTVEC_X,ROTVEC_Y,ROTVEC_Z,TIME,VOICE
8.724471,1.2354081,4.280833,-0.9344654,0.02305043,-0.1600573,620.0,0.88679427,0.14077486,0.44020274,-0.021712244,-0.011707336,0.023477167,-0.5148747,-0.12305468,-0.8457905,2016-11-03 08:55:55,33.351518810809516