ACC_X,ACC_Y,ACC_Z,GYRO_X,GYRO_Y,GYRO_Z,LIGH_1,GRAV_X,GRAV_Y,GRAV_Z,LINACC_X,LINACC_Y,LINACC_Z,ROTVEC_X,ROTVEC_Y,ROTVEC_Z,TIME,VOICE
-0.498732,1.730612,9.626604,-0.07493013,0.0134290345,0.041818656,223.0,-0.56402314,1.9823573,9.5876255,0.019624885,0.078325205,0.10932489,0.078197695,0.071080014,0.44195852,2016-11-10 17:26:32,21.93616402749788