ACC_X,ACC_Y,ACC_Z,GYRO_X,GYRO_Y,GYRO_Z,LIGH_1,GRAV_X,GRAV_Y,GRAV_Z,LINACC_X,LINACC_Y,LINACC_Z,ROTVEC_X,ROTVEC_Y,ROTVEC_Z,TIME,VOICE
3.5966492,4.00795,7.719574,-0.64564514,-0.023284912,-0.15127563,34.0,3.4384236,4.412358,8.054733,0.27358484,0.15377903,0.28883648,0.25737822,0.1519189,0.8877681,2017-07-17 20:49:17,30.40662283843497