ACC_X,ACC_Y,ACC_Z,GYRO_X,GYRO_Y,GYRO_Z,LIGH_1,GRAV_X,GRAV_Y,GRAV_Z,LINACC_X,LINACC_Y,LINACC_Z,ROTVEC_X,ROTVEC_Y,ROTVEC_Z,TIME,VOICE
-0.36391866,4.3382936,8.647857,0.06719518,0.041538835,-0.010995574,18.0,-0.20179999,4.2338,8.8433,-0.0839,0.0209,0.0512,0.195829,-0.103761,-0.497057,2017-09-03 19:01:47,56.18068715399657