ACC_X,ACC_Y,ACC_Z,GYRO_X,GYRO_Y,GYRO_Z,LIGH_1,GRAV_X,GRAV_Y,GRAV_Z,LINACC_X,LINACC_Y,LINACC_Z,ROTVEC_X,ROTVEC_Y,ROTVEC_Z,TIME,VOICE
-0.7182605,8.465898,4.4436383,-0.008552114,-0.0036651914,-0.014660765,46.0,-0.75009996,8.6146,4.6254997,0.0327,-0.0213,-0.113199994,0.3556,0.371092,0.56553,2017-09-03 21:14:10,36.98224142038766