ACC_X,ACC_Y,ACC_Z,GYRO_X,GYRO_Y,GYRO_Z,LIGH_1,GRAV_X,GRAV_Y,GRAV_Z,LINACC_X,LINACC_Y,LINACC_Z,ROTVEC_X,ROTVEC_Y,ROTVEC_Z,TIME,VOICE
-0.4490509,1.2331085,9.769897,-8.087158E-4,0.001159668,-1.2207031E-4,52.0,0.4469042,1.2122109,-9.720751,-0.0109598115,-0.0,-0.045072507,0.06286621,0.020629883,-0.03503418,2017-08-09 10:26:20,29.92870949262293