ACC_X,ACC_Y,ACC_Z,GYRO_X,GYRO_Y,GYRO_Z,LIGH_1,GRAV_X,GRAV_Y,GRAV_Z,LINACC_X,LINACC_Y,LINACC_Z,ROTVEC_X,ROTVEC_Y,ROTVEC_Z,TIME,VOICE
1.784432,-0.151892,9.790456,-0.007708202,-0.0010291934,-0.0025726464,23.8,1.8301219,0.10875746,9.633756,0.036121845,0.27141348,-0.1578969,-0.0842293,-0.04148112,-0.9176672,2017-01-02 14:52:18,58.622643894166316