ACC_X,ACC_Y,ACC_Z,GYRO_X,GYRO_Y,GYRO_Z,LIGH_1,GRAV_X,GRAV_Y,GRAV_Z,LINACC_X,LINACC_Y,LINACC_Z,ROTVEC_X,ROTVEC_Y,ROTVEC_Z,TIME,VOICE
5.4061074,2.719813,8.477868,0.22997701,-0.16795145,0.057721887,162.0,3.7666345,3.6408818,8.290165,1.639473,-0.92106867,0.18770313,0.24410988,-0.13315248,0.28663668,2017-04-17 14:29:20,43.93390669454823