ACC_X,ACC_Y,ACC_Z,GYRO_X,GYRO_Y,GYRO_Z,LIGH_1,GRAV_X,GRAV_Y,GRAV_Z,LINACC_X,LINACC_Y,LINACC_Z,ROTVEC_X,ROTVEC_Y,ROTVEC_Z,TIME,VOICE
0.5746084,6.751649,7.9966335,-0.0034637451,0.21783447,0.18869019,19.0,1.0042114,6.8826904,6.9130554,-0.29595947,-0.140625,0.7824249,0.35391235,-0.1492157,-0.2321167,2017-03-10 08:09:10,43.71492362403015