ACC_X,ACC_Y,ACC_Z,LIGH_1,GRAV_X,GRAV_Y,GRAV_Z,LINACC_X,LINACC_Y,LINACC_Z,ROTVEC_X,ROTVEC_Y,ROTVEC_Z,TIME,VOICE
7.3472137,-0.9297638,6.3820953,7.0,5.2579527,0.039918996,8.277845,1.1343389,-1.2760485,-0.8838062,0.15614054,-0.23144649,0.53096414,2017-05-09 14:04:09,39.603526594173694