ACC_X,ACC_Y,ACC_Z,GYRO_X,GYRO_Y,GYRO_Z,LIGH_1,GRAV_X,GRAV_Y,GRAV_Z,LINACC_X,LINACC_Y,LINACC_Z,ROTVEC_X,ROTVEC_Y,ROTVEC_Z,TIME,VOICE
0.076614454,0.038307227,9.691729,4.1525936E-4,-2.4240698E-4,-0.015890054,21.0,5.598783E-4,-0.03374608,9.806593,0.026680816,0.07460713,0.59935266,-7.223008E-4,0.0015618802,-0.914479,2017-03-26 22:03:31,55.683881567934236