ACC_X,ACC_Y,ACC_Z,GYRO_X,GYRO_Y,GYRO_Z,LIGH_1,GRAV_X,GRAV_Y,GRAV_Z,LINACC_X,LINACC_Y,LINACC_Z,ROTVEC_X,ROTVEC_Y,ROTVEC_Z,TIME,VOICE
5.1445313,0.44702148,8.2890625,-0.0090408325,-0.06329346,0.016021729,808.0,5.015625,0.39916992,8.4140625,-0.032287598,-0.033355713,-0.032562256,-0.2076416,-0.1665039,-0.7973633,2017-02-04 09:42:43,37.227651536634056