ACC_X,ACC_Y,ACC_Z,GYRO_X,GYRO_Y,GYRO_Z,LIGH_1,GRAV_X,GRAV_Y,GRAV_Z,LINACC_X,LINACC_Y,LINACC_Z,ROTVEC_X,ROTVEC_Y,ROTVEC_Z,TIME,VOICE
-0.4213795,3.4284968,9.069236,-0.05253441,0.22113322,0.028099801,22.0,-0.63299996,4.301,8.790299,0.39339998,-0.8009,0.192,0.219711,-0.05927,-0.395475,2017-09-03 19:16:58,68.95707022874453