ACC_X,ACC_Y,ACC_Z,GYRO_X,GYRO_Y,GYRO_Z,LIGH_1,GRAV_X,GRAV_Y,GRAV_Z,LINACC_X,LINACC_Y,LINACC_Z,ROTVEC_X,ROTVEC_Y,ROTVEC_Z,TIME,VOICE
5.795,-6.247,4.707,-0.19804402,-0.08190709,-0.089242056,128.0,5.7131,-6.0975,5.1332,-0.357837,0.079462,0.259245,-0.4342,-0.22304,-0.239795,2016-12-06 18:10:31,32.17032090267866