ACC_X,ACC_Y,ACC_Z,GYRO_X,GYRO_Y,GYRO_Z,LIGH_1,GRAV_X,GRAV_Y,GRAV_Z,LINACC_X,LINACC_Y,LINACC_Z,ROTVEC_X,ROTVEC_Y,ROTVEC_Z,TIME,VOICE
9.326,1.333,1.029,-0.10505676,-0.11819458,0.057388306,0.0,9.589615,1.5146027,1.3839874,-0.041748047,-0.098083496,-1.3839874,-0.36257935,-0.5458679,-0.51097107,2017-01-23 02:46:28,-5.693908745745943