ACC_X,ACC_Y,ACC_Z,GYRO_X,GYRO_Y,GYRO_Z,LIGH_1,GRAV_X,GRAV_Y,GRAV_Z,LINACC_X,LINACC_Y,LINACC_Z,ROTVEC_X,ROTVEC_Y,ROTVEC_Z,TIME,VOICE
-5.945938,5.956497,-3.5083466,0.039398193,0.004348755,-0.033950806,0.0,-6.4913945,6.423961,-3.5728033,0.0020327568,-0.0257411,-0.050397396,0.11671172,0.81764334,0.33595446,2017-07-13 23:21:38,59.89697868407976