ACC_X,ACC_Y,ACC_Z,GYRO_X,GYRO_Y,GYRO_Z,LIGH_1,GRAV_X,GRAV_Y,GRAV_Z,LINACC_X,LINACC_Y,LINACC_Z,ROTVEC_X,ROTVEC_Y,ROTVEC_Z,TIME,VOICE
-1.8962077,5.889736,7.2209125,0.10995574,-0.23701571,0.056199603,24.0,-1.67,6.1147,7.4827,-0.32189998,-0.1116,0.0788,0.34141,-0.043881,-0.360811,2017-09-03 19:30:39,41.09653042518374