ACC_X,ACC_Y,ACC_Z,GYRO_X,GYRO_Y,GYRO_Z,LIGH_1,GRAV_X,GRAV_Y,GRAV_Z,LINACC_X,LINACC_Y,LINACC_Z,ROTVEC_X,ROTVEC_Y,ROTVEC_Z,TIME,VOICE
-0.29688102,5.8226986,7.642292,0.009773844,0.014660765,0.010995574,12.0,-0.3055,5.6654,7.9986997,-4.9999997E-4,0.1973,-0.267,0.270564,-0.140861,-0.484624,2017-09-03 19:05:23,38.59018143888895