ACC_X,ACC_Y,ACC_Z,GYRO_X,GYRO_Y,GYRO_Z,LIGH_1,GRAV_X,GRAV_Y,GRAV_Z,LINACC_X,LINACC_Y,LINACC_Z,ROTVEC_X,ROTVEC_Y,ROTVEC_Z,TIME,VOICE
1.091756,5.544971,7.335834,-0.5693817,0.39941406,0.3240204,29.0,0.5551605,6.369095,7.4361725,0.53445435,-0.8256073,-0.108428955,0.33657837,-0.087005615,-0.15496826,2017-03-10 08:07:02,39.360559275373426