ACC_X,ACC_Y,ACC_Z,GYRO_X,GYRO_Y,GYRO_Z,LIGH_1,GRAV_X,GRAV_Y,GRAV_Z,LINACC_X,LINACC_Y,LINACC_Z,ROTVEC_X,ROTVEC_Y,ROTVEC_Z,TIME,VOICE
0.47405192,1.1611878,11.2312,0.115068264,-0.19087541,-0.16105306,27.0,0.42240015,1.0922797,9.736472,0.051651776,0.068908095,1.4947281,0.060208105,-0.0019563446,0.33471504,2017-04-18 09:43:42,34.781498592760926