ACC_X,ACC_Y,ACC_Z,GYRO_X,GYRO_Y,GYRO_Z,LIGH_1,GRAV_X,GRAV_Y,GRAV_Z,LINACC_X,LINACC_Y,LINACC_Z,ROTVEC_X,ROTVEC_Y,ROTVEC_Z,TIME,VOICE
1.2066777,6.8282633,6.6846113,-0.15027285,0.14905111,0.06841691,22.0,0.94619995,7.1756,6.6169996,0.3117,-0.1864,0.39409998,0.062794,0.398348,0.91479,2016-11-30 21:21:09,8.768670642549624