ACC_X,ACC_Y,ACC_Z,GYRO_X,GYRO_Y,GYRO_Z,LIGH_1,LINACC_X,LINACC_Y,LINACC_Z,ROTVEC_X,ROTVEC_Y,ROTVEC_Z,TIME,VOICE
2.092,2.925,9.66,-0.1609808,0.015991472,-0.0554371,80.0,-0.18742609,0.5616193,-0.09117508,0.17336084,-0.032519102,0.64930296,2017-03-03 16:42:38,10.425478267610483