ACC_X,ACC_Y,ACC_Z,GYRO_X,GYRO_Y,GYRO_Z,LIGH_1,GRAV_X,GRAV_Y,GRAV_Z,LINACC_X,LINACC_Y,LINACC_Z,ROTVEC_X,ROTVEC_Y,ROTVEC_Z,TIME,VOICE
-1.8291701,8.255207,-4.807557,0.023577113,-0.09703807,0.018161999,0.0,0.0,0.0,0.0,0.0,0.0,0.0,0.8597717,0.10589359,-0.04660465,2017-02-04 00:01:05,47.72358217347425