ACC_X,ACC_Y,ACC_Z,GYRO_X,GYRO_Y,GYRO_Z,LIGH_1,GRAV_X,GRAV_Y,GRAV_Z,LINACC_X,LINACC_Y,LINACC_Z,ROTVEC_X,ROTVEC_Y,ROTVEC_Z,TIME,VOICE
2.9113493,1.0342951,9.356541,0.089954466,-0.10506602,-0.37669614,7.0,0.30441865,0.07829043,0.9493155,0.0039649904,0.009455681,-0.004105985,0.14245309,-0.060767975,0.7989621,2016-10-26 12:42:42,34.6798249540928