ACC_X,ACC_Y,ACC_Z,GYRO_X,GYRO_Y,GYRO_Z,LIGH_1,GRAV_X,GRAV_Y,GRAV_Z,LINACC_X,LINACC_Y,LINACC_Z,ROTVEC_X,ROTVEC_Y,ROTVEC_Z,TIME,VOICE
0.5085907,8.094086,6.198822,-0.034332275,-0.011474609,0.4779663,3.869995,1.0413432,7.644065,6.054277,-0.25647283,0.15597916,0.18287373,0.33843684,-0.27336258,-0.47231278,2017-03-11 22:09:07,40.40175697342601