ACC_X,ACC_Y,ACC_Z,GYRO_X,GYRO_Y,GYRO_Z,LIGH_1,GRAV_X,GRAV_Y,GRAV_Z,LINACC_X,LINACC_Y,LINACC_Z,ROTVEC_X,ROTVEC_Y,ROTVEC_Z,TIME,VOICE
0.009576807,-0.1340753,9.615114,-0.015392452,-0.014801818,-0.016878717,164.0,0.004564212,-0.014641332,0.9998824,0.002206142,-0.0037370855,-0.023631334,-0.007786709,9.689031E-4,-0.35636026,2017-11-08 12:34:18,57.0200764748447