ACC_X,ACC_Y,ACC_Z,GYRO_X,GYRO_Y,GYRO_Z,LIGH_1,GRAV_X,GRAV_Y,GRAV_Z,LINACC_X,LINACC_Y,LINACC_Z,ROTVEC_X,ROTVEC_Y,ROTVEC_Z,TIME,VOICE
0.1340753,1.2737153,9.80665,0.15116882,-0.061660767,0.12454224,28.0,-0.22537231,1.3964844,9.704086,0.22537231,-0.14341736,0.08892822,0.056350708,0.045288086,0.4929657,2017-05-16 10:01:25,NaN