ACC_X,ACC_Y,ACC_Z,GYRO_X,GYRO_Y,GYRO_Z,LIGH_1,GRAV_X,GRAV_Y,GRAV_Z,LINACC_X,LINACC_Y,LINACC_Z,ROTVEC_X,ROTVEC_Y,ROTVEC_Z,TIME,VOICE
4.663905,7.9487495,-3.0358477,0.5634892,1.53018,0.009692218,92.0,0.0,0.0,0.0,0.0,0.0,0.0,0.80287844,-0.07293484,0.23326688,2017-02-03 12:39:23,46.971590621798015