ACC_X,ACC_Y,ACC_Z,GYRO_X,GYRO_Y,GYRO_Z,LIGH_1,GRAV_X,GRAV_Y,GRAV_Z,LINACC_X,LINACC_Y,LINACC_Z,ROTVEC_X,ROTVEC_Y,ROTVEC_Z,TIME,VOICE
-0.81402856,5.899313,7.422025,0.062308256,0.16249016,0.012217305,22.0,-0.8602,6.1741,7.5702996,0.0405,-0.2197,-0.0081,0.329398,-0.075277,-0.336575,2017-09-03 19:30:46,39.53764975456255