ACC_X,ACC_Y,ACC_Z,GYRO_X,GYRO_Y,GYRO_Z,LIGH_1,GRAV_X,GRAV_Y,GRAV_Z,LINACC_X,LINACC_Y,LINACC_Z,ROTVEC_X,ROTVEC_Y,ROTVEC_Z,TIME,VOICE
8.571242,1.7429788,4.2904096,-0.7171542,-0.034651063,-0.19882976,526.0,0.89542484,0.18277805,0.4059637,-0.020044327,-0.0047711283,0.030084252,-0.52252686,-0.16523722,-0.83199507,2016-11-03 08:55:20,38.99846596688377