ACC_X,ACC_Y,ACC_Z,GYRO_X,GYRO_Y,GYRO_Z,LIGH_1,GRAV_X,GRAV_Y,GRAV_Z,LINACC_X,LINACC_Y,LINACC_Z,ROTVEC_X,ROTVEC_Y,ROTVEC_Z,TIME,VOICE
2.9496565,1.2354081,8.552089,-0.24801129,0.028099801,-0.04642576,12.0,2.942827,1.3169993,9.261517,0.08893851,0.02413038,-0.59301794,-0.13772105,-0.082523264,-0.97567904,2016-11-21 18:22:11,59.02401452288585