ACC_X,ACC_Y,ACC_Z,GYRO_X,GYRO_Y,GYRO_Z,LIGH_1,GRAV_X,GRAV_Y,GRAV_Z,LINACC_X,LINACC_Y,LINACC_Z,ROTVEC_X,ROTVEC_Y,ROTVEC_Z,TIME,VOICE
3.2337341,0.86616516,9.569214,-0.5388031,0.14193726,-0.058776855,1.0,3.9036417,0.7633448,8.963776,-1.3073087,1.8571718,2.1279945,0.20718695,0.0069432575,0.9658421,2017-07-17 20:34:35,43.39062501585221