ACC_X,ACC_Y,ACC_Z,GYRO_X,GYRO_Y,GYRO_Z,LIGH_1,GRAV_X,GRAV_Y,GRAV_Z,LINACC_X,LINACC_Y,LINACC_Z,ROTVEC_X,ROTVEC_Y,ROTVEC_Z,TIME,VOICE
-1.601444,2.525952,9.315644,0.44023362,-0.41662347,-0.8173685,35.2625,-0.52858895,2.1313915,9.557622,1.047739,-0.34672028,0.025502691,0.022852577,0.110338695,0.89586633,2016-11-01 21:10:14,57.07149695984778