ACC_X,ACC_Y,ACC_Z,GYRO_X,GYRO_Y,GYRO_Z,LIGH_1,GRAV_X,GRAV_Y,GRAV_Z,LINACC_X,LINACC_Y,LINACC_Z,ROTVEC_X,ROTVEC_Y,ROTVEC_Z,TIME,VOICE
5.2624555,-0.49320555,7.7428484,0.017168866,0.0022053637,-0.0025800704,0.0,5.4709005,0.0398036,8.138341,-0.20844519,-0.5330092,-0.3954922,0.28055468,-0.079598986,0.9182802,2017-08-26 07:59:37,18.101970641515855