ACC_X,ACC_Y,ACC_Z,GYRO_X,GYRO_Y,GYRO_Z,LIGH_1,GRAV_X,GRAV_Y,GRAV_Z,LINACC_X,LINACC_Y,LINACC_Z,ROTVEC_X,ROTVEC_Y,ROTVEC_Z,TIME,VOICE
6.7740784,6.7798157,-1.519516,-0.15394592,0.031814575,0.055755615,10.632721,6.7585325,6.791918,-2.0886552,0.08743286,0.06824303,-0.25692105,0.72923315,-0.2733327,0.25826097,2018-01-22 23:41:39,59.58142802591402