ACC_X,ACC_Y,ACC_Z,GYRO_X,GYRO_Y,GYRO_Z,LIGH_1,GRAV_X,GRAV_Y,GRAV_Z,LINACC_X,LINACC_Y,LINACC_Z,ROTVEC_X,ROTVEC_Y,ROTVEC_Z,TIME,VOICE
-0.08259996,-0.8283938,9.908403,0.096939065,-0.040480047,0.022370555,10.0,-0.10572658,-0.94768065,9.7601795,-0.025954522,0.07259995,0.20329094,-0.048015,-0.007993,0.272244,2016-12-16 20:43:29,47.07009129569507