ACC_X,ACC_Y,ACC_Z,GYRO_X,GYRO_Y,GYRO_Z,LIGH_1,GRAV_X,GRAV_Y,GRAV_Z,LINACC_X,LINACC_Y,LINACC_Z,ROTVEC_X,ROTVEC_Y,ROTVEC_Z,TIME,VOICE
-1.7429788,2.4420857,9.251195,0.018707749,0.0032834008,-0.003016147,42.0,-1.6702987,2.4579086,9.345544,-0.04497056,0.10950725,-0.03344422,0.12903072,-0.082795754,-0.9086929,2017-09-08 07:12:25,71.6315322880308