ACC_X,ACC_Y,ACC_Z,GYRO_X,GYRO_Y,GYRO_Z,LIGH_1,GRAV_X,GRAV_Y,GRAV_Z,LINACC_X,LINACC_Y,LINACC_Z,ROTVEC_X,ROTVEC_Y,ROTVEC_Z,TIME,VOICE
-0.6895301,6.0238113,7.469909,0.014660765,-0.015882496,0.018325957,24.0,-0.8975,6.1344,7.5982,0.49929997,-0.1901,0.1308,0.326504,-0.078591,-0.351086,2017-09-03 19:30:43,64.58329835895631