ACC_X,ACC_Y,ACC_Z,GYRO_X,GYRO_Y,GYRO_Z,LIGH_1,GRAV_X,GRAV_Y,GRAV_Z,LINACC_X,LINACC_Y,LINACC_Z,ROTVEC_X,ROTVEC_Y,ROTVEC_Z,TIME,VOICE
-3.5162401,7.1867642,3.8702562,1.0845354,-0.72176814,-0.981856,5.0,-5.2328596,-1.7620628,8.104486,-1.7381477,-10.218979,1.9115982,0.189354,0.22567956,-0.8157408,2016-11-08 22:09:17,3.4801568344238385