ACC_X,ACC_Y,ACC_Z,GYRO_X,GYRO_Y,GYRO_Z,LIGH_1,GRAV_X,GRAV_Y,GRAV_Z,LINACC_X,LINACC_Y,LINACC_Z,ROTVEC_X,ROTVEC_Y,ROTVEC_Z,TIME,VOICE
0.16280572,-0.22026655,10.01734,-0.0024154985,-0.010595662,-0.091425925,18.0,0.052931834,-0.2975802,9.801991,0.06965129,0.07965465,0.4268895,-0.0039613266,0.0148945805,-0.9963635,2017-03-26 21:22:05,58.13988559864677