ACC_X,ACC_Y,ACC_Z,GYRO_X,GYRO_Y,GYRO_Z,LIGH_1,GRAV_X,GRAV_Y,GRAV_Z,LINACC_X,LINACC_Y,LINACC_Z,ROTVEC_X,ROTVEC_Y,ROTVEC_Z,TIME,VOICE
0.59615624,9.069236,7.728483,-0.31838143,-0.2859223,-0.2499896,6.0,1.1442908,7.051769,6.718151,-0.54813457,2.017467,1.0103321,0.25784293,0.30103692,0.7837393,2017-03-09 22:37:52,72.4597108444169