ACC_X,ACC_Y,ACC_Z,GYRO_X,GYRO_Y,GYRO_Z,LIGH_1,GRAV_X,GRAV_Y,GRAV_Z,LINACC_X,LINACC_Y,LINACC_Z,ROTVEC_X,ROTVEC_Y,ROTVEC_Z,TIME,VOICE
-0.6895301,3.4284968,9.433155,0.08674286,0.4361578,0.02932153,18.0,-0.1733,3.169,9.2788,0.0349,0.0391,-0.2735,0.136737,-0.090625,-0.589071,2017-09-03 19:01:12,38.576736341851586