ACC_X,ACC_Y,ACC_Z,GYRO_X,GYRO_Y,GYRO_Z,LIGH_1,GRAV_X,GRAV_Y,GRAV_Z,LINACC_X,LINACC_Y,LINACC_Z,ROTVEC_X,ROTVEC_Y,ROTVEC_Z,TIME,VOICE
7.5292206,1.1803589,5.8130646,-0.018005371,0.05784607,0.07518005,0.0,7.5925107,1.2379972,6.0820656,-0.05386448,-0.056101322,-0.2614503,0.121535935,-0.4184853,0.10865086,2017-05-18 02:58:17,53.51735984700693