ACC_X,ACC_Y,ACC_Z,GYRO_X,GYRO_Y,GYRO_Z,LIGH_1,GRAV_X,GRAV_Y,GRAV_Z,LINACC_X,LINACC_Y,LINACC_Z,ROTVEC_X,ROTVEC_Y,ROTVEC_Z,TIME,VOICE
0.05290222,4.5809937,8.77179,0.015136719,0.07460022,0.0030975342,3.869995,0.15309055,4.5127945,8.705266,-0.020368606,0.016570568,0.0022211075,0.16387632,-0.17185314,-0.6828065,2017-03-11 21:46:05,53.021339827163786