ACC_X,ACC_Y,ACC_Z,GYRO_X,GYRO_Y,GYRO_Z,LIGH_1,GRAV_X,GRAV_Y,GRAV_Z,LINACC_X,LINACC_Y,LINACC_Z,ROTVEC_X,ROTVEC_Y,ROTVEC_Z,TIME,VOICE
-0.107739076,4.675876,10.795456,-0.045395177,0.016554208,-0.024265924,0.0,-0.07154734,3.7946923,9.042432,-0.03619174,0.88118386,1.7530241,0.11110735,0.16298667,0.79921263,2017-02-14 22:14:38,27.996988803364182