ACC_X,ACC_Y,ACC_Z,LIGH_1,GRAV_X,GRAV_Y,GRAV_Z,LINACC_X,LINACC_Y,LINACC_Z,ROTVEC_X,ROTVEC_Y,ROTVEC_Z,TIME,VOICE
0.11492168,-0.038307227,9.346964,46.0,0.0158,0.0191,9.8066,0.0233,0.0592,-0.117599994,3.22E-4,-0.001226,-0.583813,2017-05-21 08:38:34,38.415343615748384