ACC_X,ACC_Y,ACC_Z,GYRO_X,GYRO_Y,GYRO_Z,LIGH_1,GRAV_X,GRAV_Y,GRAV_Z,LINACC_X,LINACC_Y,LINACC_Z,ROTVEC_X,ROTVEC_Y,ROTVEC_Z,TIME,VOICE
7.872135,3.4380736,4.55856,1.2315171,0.15487307,0.18536761,604.0,0.8184675,0.35248038,0.45372733,-0.006080091,-9.672642E-4,-0.02213496,0.4946323,0.18121828,0.84862274,2016-11-03 08:55:13,38.2359457814391