ACC_X,ACC_Y,ACC_Z,GYRO_X,GYRO_Y,GYRO_Z,LIGH_1,GRAV_X,GRAV_Y,GRAV_Z,LINACC_X,LINACC_Y,LINACC_Z,ROTVEC_X,ROTVEC_Y,ROTVEC_Z,TIME,VOICE
0.0,0.1340753,9.797073,0.002067341,-0.0028641457,-0.17797244,0.0,0.0011036549,0.12605081,9.80584,-0.0011036549,0.010152652,8.105371E-4,0.0013780089,-0.00627772,-0.97481054,2017-01-06 12:32:55,NaN