ACC_X,ACC_Y,ACC_Z,GYRO_X,GYRO_Y,GYRO_Z,LIGH_1,GRAV_X,GRAV_Y,GRAV_Z,LINACC_X,LINACC_Y,LINACC_Z,ROTVEC_X,ROTVEC_Y,ROTVEC_Z,TIME,VOICE
5.970688,-2.681549,7.3615265,0.01008606,0.02178955,0.1496582,0.0,6.0017366,-2.584677,7.3122487,-0.15859365,-0.21274018,-0.3033471,-0.3315076,-0.009357659,-0.9086528,2016-12-07 01:41:59,-Infinity