ACC_X,ACC_Y,ACC_Z,GYRO_X,GYRO_Y,GYRO_Z,LIGH_1,GRAV_X,GRAV_Y,GRAV_Z,LINACC_X,LINACC_Y,LINACC_Z,ROTVEC_X,ROTVEC_Y,ROTVEC_Z,TIME,VOICE
8.7053175,-3.1507695,3.1316159,-0.0055999756,0.10308838,0.099472046,0.0,8.826218,-3.0427094,3.0016785,-0.122802734,-0.10357666,0.11735535,-0.58688354,0.050186157,-0.78364563,2017-02-14 01:28:35,24.830655093552814