ACC_X,ACC_Y,ACC_Z,GYRO_X,GYRO_Y,GYRO_Z,LIGH_1,GRAV_X,GRAV_Y,GRAV_Z,LINACC_X,LINACC_Y,LINACC_Z,ROTVEC_X,ROTVEC_Y,ROTVEC_Z,TIME,VOICE
6.078878,2.930503,7.5920134,-0.044741105,0.035153728,0.017044231,0.0,5.935226,2.7142766,7.319374,0.1436521,0.21622634,0.27263972,0.21988654,-0.28011125,0.21903515,2017-06-10 18:09:37,43.1639024232663