ACC_X,ACC_Y,ACC_Z,GYRO_X,GYRO_Y,GYRO_Z,LIGH_1,GRAV_X,GRAV_Y,GRAV_Z,LINACC_X,LINACC_Y,LINACC_Z,ROTVEC_X,ROTVEC_Y,ROTVEC_Z,TIME,VOICE
-0.393484,1.3598521,10.05836,-0.07670522,0.07603826,-1.9470416E-4,59.85,-0.16407812,1.593534,9.674922,0.14090191,0.21693799,-0.2997171,0.073522046,-0.03620466,-0.5295504,2016-10-26 13:05:46,72.24912501209691