ACC_X,ACC_Y,ACC_Z,GYRO_X,GYRO_Y,GYRO_Z,LIGH_1,GRAV_X,GRAV_Y,GRAV_Z,LINACC_X,LINACC_Y,LINACC_Z,ROTVEC_X,ROTVEC_Y,ROTVEC_Z,TIME,VOICE
0.421,2.116,10.132,-0.5410309,-0.36650085,0.5061188,0.0,0.39501953,2.363449,9.797623,0.111968994,-0.31680298,0.054122925,0.11929321,0.009109497,0.23777771,2017-10-03 17:52:39,59.872487298441676