ACC_X,ACC_Y,ACC_Z,LIGH_1,GRAV_X,GRAV_Y,GRAV_Z,LINACC_X,LINACC_Y,LINACC_Z,ROTVEC_X,ROTVEC_Y,ROTVEC_Z,TIME,VOICE
6.3589997,4.7788267,-5.583278,22.0,6.4326997,5.2869,-5.1805,-0.1074,-0.46199998,-0.35029998,0.418276,-0.76758,-0.091243,2017-08-11 15:12:58,57.75031507328186