ACC_X,ACC_Y,ACC_Z,LIGH_1,TIME,VOICE
-3.7924154,4.0892963,-7.5082164,1.0,2016-12-05 07:15:09,44.49498358532831