ACC_X,ACC_Y,ACC_Z,GYRO_X,GYRO_Y,GYRO_Z,LIGH_1,GRAV_X,GRAV_Y,GRAV_Z,LINACC_X,LINACC_Y,LINACC_Z,ROTVEC_X,ROTVEC_Y,ROTVEC_Z,TIME,VOICE
-0.02873042,-0.1340753,10.812215,0.0047731944,-2.2801086E-4,0.015626738,17.0,0.019781565,-0.047047976,9.806518,0.034699824,0.06066832,-0.6672649,-0.0018820779,0.0017969981,-0.91691655,2017-03-26 22:03:12,54.27446720971102