ACC_X,ACC_Y,ACC_Z,GYRO_X,GYRO_Y,GYRO_Z,LIGH_1,GRAV_X,GRAV_Y,GRAV_Z,LINACC_X,LINACC_Y,LINACC_Z,ROTVEC_X,ROTVEC_Y,ROTVEC_Z,TIME,VOICE
10.096632,-1.030952,4.146532,0.024477884,0.025085673,0.008274365,183.0,9.164126,-0.9178078,3.3685007,-0.9205454,0.09759616,-0.8103233,0.17892443,-0.54427963,0.33227408,2016-12-02 12:33:42,0.9144711730655426