ACC_X,ACC_Y,ACC_Z,LIGH_1,GRAV_X,GRAV_Y,GRAV_Z,LINACC_X,LINACC_Y,LINACC_Z,TIME,VOICE
3.8402996,5.0182467,7.97748,11.0,4.1814466,4.535576,7.6273947,-0.31326798,0.58567494,-0.35412902,2017-06-08 21:00:33,75.73823811681963