ACC_X,ACC_Y,ACC_Z,GYRO_X,GYRO_Y,GYRO_Z,LIGH_1,GRAV_X,GRAV_Y,GRAV_Z,LINACC_X,LINACC_Y,LINACC_Z,ROTVEC_X,ROTVEC_Y,ROTVEC_Z,TIME,VOICE
-1.7206421,6.845352,6.7585144,0.020385742,-0.0134887695,0.0037994385,266.71027,-1.748965,6.8412285,6.805079,-0.021867275,-0.004506111,0.042194366,0.39047432,0.023818797,-0.17323464,2017-08-24 17:24:50,43.93855868587961