ACC_X,ACC_Y,ACC_Z,GYRO_X,GYRO_Y,GYRO_Z,LIGH_1,GRAV_X,GRAV_Y,GRAV_Z,LINACC_X,LINACC_Y,LINACC_Z,ROTVEC_X,ROTVEC_Y,ROTVEC_Z,TIME,VOICE
0.51595044,2.304419,8.51019,0.0063915867,-0.037284255,0.004261058,0.0,0.5403611,2.0486162,9.575049,-0.17404824,0.05828142,0.0831604,0.048276,0.097354,0.973775,2016-12-14 00:14:12,60.34437017090014