ACC_X,ACC_Y,ACC_Z,GYRO_X,GYRO_Y,GYRO_Z,LIGH_1,GRAV_X,GRAV_Y,GRAV_Z,LINACC_X,LINACC_Y,LINACC_Z,ROTVEC_X,ROTVEC_Y,ROTVEC_Z,TIME,VOICE
0.38749695,4.5245667,8.659241,-0.02130127,0.0037994385,-6.4086914E-4,140.28,0.4073514,4.5716376,8.66629,-0.014387935,0.0056037903,0.037941933,0.19105484,0.1471062,0.6579875,2017-01-30 21:59:32,45.23246464131468