ACC_X,ACC_Y,ACC_Z,LIGH_1,GRAV_X,GRAV_Y,GRAV_Z,LINACC_X,LINACC_Y,LINACC_Z,TIME,VOICE
0.41060558,-0.14724341,9.465476,83.0,0.40687233,-0.16763279,9.796772,-0.010631949,-0.0035526305,-0.35523796,2017-07-31 15:48:17,41.55791589376459