ACC_X,ACC_Y,ACC_Z,GYRO_X,GYRO_Y,GYRO_Z,LIGH_1,GRAV_X,GRAV_Y,GRAV_Z,LINACC_X,LINACC_Y,LINACC_Z,ROTVEC_X,ROTVEC_Y,ROTVEC_Z,TIME,VOICE
7.1420135,6.2140503,-3.0341644,0.058380127,0.039794922,0.0096588135,60.0,7.133537,6.1014824,-2.8381243,-0.16417837,0.1208725,0.031304598,0.40391755,-0.6939414,-0.10697784,2017-02-12 10:48:47,76.9955831671407