ACC_X,ACC_Y,ACC_Z,LIGH_1,TIME,VOICE
-7.565677,0.38307226,5.746084,11.0,2017-01-26 09:11:26,NaN