ACC_X,ACC_Y,ACC_Z,GYRO_X,GYRO_Y,GYRO_Z,LIGH_1,GRAV_X,GRAV_Y,GRAV_Z,LINACC_X,LINACC_Y,LINACC_Z,ROTVEC_X,ROTVEC_Y,ROTVEC_Z,TIME,VOICE
1.1260681,1.8056183,9.464676,-0.07203674,-0.06147766,0.34968567,4.0,0.43349233,1.2327272,9.7192,0.30232692,-0.48595357,0.120165825,-0.029929202,-0.07607603,-0.9884878,2017-04-13 20:33:35,25.873917198211622