ACC_X,ACC_Y,ACC_Z,GYRO_X,GYRO_Y,GYRO_Z,LIGH_1,GRAV_X,GRAV_Y,GRAV_Z,LINACC_X,LINACC_Y,LINACC_Z,ROTVEC_X,ROTVEC_Y,ROTVEC_Z,TIME,VOICE
-4.8267107,8.762778,0.038307227,0.21530151,-0.53422546,-0.02305603,8.0,-4.692047,8.608643,0.21458435,-0.12953186,0.1492157,-0.17372131,0.6992798,0.007827759,-0.33502197,2017-03-10 00:16:25,21.281164328355185