ACC_X,ACC_Y,ACC_Z,GYRO_X,GYRO_Y,GYRO_Z,LIGH_1,GRAV_X,GRAV_Y,GRAV_Z,LINACC_X,LINACC_Y,LINACC_Z,ROTVEC_X,ROTVEC_Y,ROTVEC_Z,TIME,VOICE
5.765238,6.7612257,3.7445314,0.012480145,-0.04734368,0.014384102,0.0,0.5962579,0.70806557,0.37831163,-0.008355498,-0.013255358,-0.009292603,0.540116,-0.12754425,0.37405276,2016-11-09 16:11:56,71.31390138755054