ACC_X,ACC_Y,ACC_Z,LIGH_1,TIME,VOICE
0.81402856,8.628703,-5.209783,1.0,2017-01-26 08:18:09,NaN