ACC_X,ACC_Y,ACC_Z,GYRO_X,GYRO_Y,GYRO_Z,LIGH_1,GRAV_X,GRAV_Y,GRAV_Z,LINACC_X,LINACC_Y,LINACC_Z,ROTVEC_X,ROTVEC_Y,ROTVEC_Z,TIME,VOICE
-2.3798366,9.293094,0.15442601,-0.3567453,-0.28588495,-0.010995574,65.0,-2.2021263,9.541667,-0.5264256,-0.7247853,-0.47841644,0.7478893,0.725554,-0.020289,-0.173361,2017-10-06 08:57:37,21.542955603094867