ACC_X,ACC_Y,ACC_Z,GYRO_X,GYRO_Y,GYRO_Z,LIGH_1,GRAV_X,GRAV_Y,GRAV_Z,LINACC_X,LINACC_Y,LINACC_Z,ROTVEC_X,ROTVEC_Y,ROTVEC_Z,TIME,VOICE
-2.597712,0.703248,9.22714,9.061564E-4,0.07174072,-0.04743837,51.5375,-2.8412073,0.6188921,9.3656225,-0.35591918,-0.04967194,-0.22151393,-0.10315763,0.108832955,0.81729287,2017-03-02 20:29:49,NaN