ACC_X,ACC_Y,ACC_Z,GYRO_X,GYRO_Y,GYRO_Z,LIGH_1,GRAV_X,GRAV_Y,GRAV_Z,LINACC_X,LINACC_Y,LINACC_Z,ROTVEC_X,ROTVEC_Y,ROTVEC_Z,TIME,VOICE
0.7134721,0.36152446,11.803414,-3.3289514E-5,0.0010652645,-2.4980452E-4,17.0,0.55026007,0.17522821,9.789632,0.16321206,0.18629625,2.0137825,0.022971483,-0.018394278,0.55436355,2017-03-13 10:40:21,21.420204998803808