ACC_X,ACC_Y,ACC_Z,LIGH_1,GRAV_X,GRAV_Y,GRAV_Z,LINACC_X,LINACC_Y,LINACC_Z,TIME,VOICE
1.1779473,3.821146,8.772355,31.0,1.8251265,4.426613,8.567199,0.3949901,-0.38136974,0.27240694,2017-06-12 13:02:03,52.031895540935935