ACC_X,ACC_Y,ACC_Z,GYRO_X,GYRO_Y,GYRO_Z,LIGH_1,GRAV_X,GRAV_Y,GRAV_Z,LINACC_X,LINACC_Y,LINACC_Z,ROTVEC_X,ROTVEC_Y,ROTVEC_Z,TIME,VOICE
0.019441605,0.9932278,9.304016,0.40344545,-0.30517313,0.1940627,0.0,-0.5121694,0.48365635,9.781266,0.5219768,0.22819018,0.052790593,0.0012177478,0.0359194,0.66112286,2017-11-11 10:32:06,20.365813356662002