ACC_X,ACC_Y,ACC_Z,LIGH_1,GRAV_X,GRAV_Y,GRAV_Z,LINACC_X,LINACC_Y,LINACC_Z,TIME,VOICE
3.265691,1.8579005,10.151415,30.0,0.12258312,0.23154591,9.80665,0.0,0.0,0.36774936,2017-06-19 08:04:59,61.10334602581402