ACC_X,ACC_Y,ACC_Z,GYRO_X,GYRO_Y,GYRO_Z,LIGH_1,GRAV_X,GRAV_Y,GRAV_Z,LINACC_X,LINACC_Y,LINACC_Z,ROTVEC_X,ROTVEC_Y,ROTVEC_Z,TIME,VOICE
9.232041,0.35434186,3.074155,0.0,-0.0,-0.0,0.0,9.30934,0.3455722,3.063853,-0.0883635,0.008556829,-0.026515367,0.5748664,-0.11539358,0.7877663,2016-12-08 23:59:39,NaN