ACC_X,ACC_Y,ACC_Z,LIGH_1,TIME,VOICE
-7.536947,0.41180268,5.813122,12.0,2017-01-26 09:11:38,NaN