ACC_X,ACC_Y,ACC_Z,GYRO_X,GYRO_Y,GYRO_Z,LIGH_1,GRAV_X,GRAV_Y,GRAV_Z,LINACC_X,LINACC_Y,LINACC_Z,ROTVEC_X,ROTVEC_Y,ROTVEC_Z,TIME,VOICE
0.60398,-0.339664,9.736636,-0.010716188,8.6381286E-4,0.0013805144,47.6875,0.6993647,-0.38408825,9.7741375,0.088208735,-0.053992253,0.029129649,0.018931929,-0.036045745,0.8330475,2017-03-02 20:29:57,NaN