ACC_X,ACC_Y,ACC_Z,GYRO_X,GYRO_Y,GYRO_Z,LIGH_1,GRAV_X,GRAV_Y,GRAV_Z,LINACC_X,LINACC_Y,LINACC_Z,ROTVEC_X,ROTVEC_Y,ROTVEC_Z,TIME,VOICE
-0.02873042,-0.1436521,9.816227,0.2334454,-0.17237635,-0.23126167,4.0,0.0018757803,-0.024591153,0.99969584,-0.009900022,0.020363178,-0.0058885217,-0.005486378,-0.0149025805,0.87725663,2016-10-26 12:42:16,33.497626396167355