ACC_X,ACC_Y,ACC_Z,GYRO_X,GYRO_Y,GYRO_Z,LIGH_1,GRAV_X,GRAV_Y,GRAV_Z,LINACC_X,LINACC_Y,LINACC_Z,ROTVEC_X,ROTVEC_Y,ROTVEC_Z,TIME,VOICE
4.579484,3.714776,7.7297482,-0.0040866844,-0.008277051,0.0759059,120.8375,4.5311956,3.8035421,7.821236,-0.06742431,0.15813392,0.1034481,0.3157999,0.03870926,0.7948885,2017-03-07 18:59:39,NaN