ACC_X,ACC_Y,ACC_Z,GYRO_X,GYRO_Y,GYRO_Z,LIGH_1,GRAV_X,GRAV_Y,GRAV_Z,LINACC_X,LINACC_Y,LINACC_Z,ROTVEC_X,ROTVEC_Y,ROTVEC_Z,TIME,VOICE
1.9636993,1.4762573,9.368927,-0.075912476,0.117752075,-0.024887085,80.0,2.0374148,1.4471856,9.482878,-0.08708286,0.019576788,-0.17616749,-0.101738,-0.075641066,-0.991672,2017-05-31 17:42:44,43.62460443737711