ACC_X,ACC_Y,ACC_Z,GYRO_X,GYRO_Y,GYRO_Z,LIGH_1,GRAV_X,GRAV_Y,GRAV_Z,LINACC_X,LINACC_Y,LINACC_Z,ROTVEC_X,ROTVEC_Y,ROTVEC_Z,TIME,VOICE
0.18195933,8.025364,5.746084,-0.13514204,-0.109704986,0.18862258,49.0,0.0,0.0,0.0,0.0,0.0,0.0,0.25790778,-0.38838747,-0.7328633,2016-12-06 09:41:05,36.85952864833256