ACC_X,ACC_Y,ACC_Z,GYRO_X,GYRO_Y,GYRO_Z,LIGH_1,GRAV_X,GRAV_Y,GRAV_Z,LINACC_X,LINACC_Y,LINACC_Z,ROTVEC_X,ROTVEC_Y,ROTVEC_Z,TIME,VOICE
-0.7962117,8.649456,3.1369905,0.37494794,-0.83085346,-0.48370746,187.0,0.15344228,9.275001,3.181387,0.5751773,0.8121856,0.26573244,0.51889247,0.26181114,0.37853864,2016-12-15 11:55:50,50.82019573051939