ACC_X,ACC_Y,ACC_Z,GYRO_X,GYRO_Y,GYRO_Z,LIGH_1,GRAV_X,GRAV_Y,GRAV_Z,LINACC_X,LINACC_Y,LINACC_Z,ROTVEC_X,ROTVEC_Y,ROTVEC_Z,TIME,VOICE
5.226227,8.373154,-0.24101257,-0.031188965,-0.05305481,0.113479614,2.7356873,4.446813,8.714981,-0.66734844,0.92008305,-0.5756006,-0.043585777,0.67437744,0.28674316,0.52056885,2018-03-04 08:32:37,47.438821042108906