ACC_X,ACC_Y,ACC_Z,GYRO_X,GYRO_Y,GYRO_Z,LIGH_1,GRAV_X,GRAV_Y,GRAV_Z,LINACC_X,LINACC_Y,LINACC_Z,ROTVEC_X,ROTVEC_Y,ROTVEC_Z,TIME,VOICE
3.5051112,5.8322754,7.1634517,0.08218384,-0.07966614,-0.24191284,8.0,3.3487854,4.556137,8.012329,0.15162659,1.2733612,-0.86164856,0.26750183,-0.14112854,0.1408844,2017-05-11 17:15:05,46.98186971633981