ACC_X,ACC_Y,ACC_Z,GYRO_X,GYRO_Y,GYRO_Z,LIGH_1,GRAV_X,GRAV_Y,GRAV_Z,LINACC_X,LINACC_Y,LINACC_Z,ROTVEC_X,ROTVEC_Y,ROTVEC_Z,TIME,VOICE
-0.842759,5.6215854,8.130709,-0.06933594,-0.015029907,0.007217407,87.0,-0.90263367,5.577957,8.015106,0.0717926,0.033615112,0.10261536,0.28370667,0.104141235,0.18130493,2017-02-16 14:46:59,46.33189135885945