ACC_X,ACC_Y,ACC_Z,GYRO_X,GYRO_Y,GYRO_Z,LIGH_1,GRAV_X,GRAV_Y,GRAV_Z,LINACC_X,LINACC_Y,LINACC_Z,ROTVEC_X,ROTVEC_Y,ROTVEC_Z,TIME,VOICE
-0.37195602,0.020332001,9.773712,0.014570009,0.0018046349,0.0017279498,36.6625,-0.37707803,0.06678004,9.799171,-0.0015340413,0.035684038,0.05775193,0.017126458,0.0093833655,-0.7796195,2017-03-06 20:29:34,NaN