ACC_X,ACC_Y,ACC_Z,GYRO_X,GYRO_Y,GYRO_Z,LIGH_1,GRAV_X,GRAV_Y,GRAV_Z,LINACC_X,LINACC_Y,LINACC_Z,ROTVEC_X,ROTVEC_Y,ROTVEC_Z,TIME,VOICE
-2.2218192,1.9536686,10.093954,-0.1282817,-0.35796702,0.17348573,3833.0,-2.3962998,0.6881,9.4844,0.275,1.236,0.2307,-0.053438,0.116504,0.64624,2017-06-02 15:40:49,24.21490814619705