ACC_X,ACC_Y,ACC_Z,GYRO_X,GYRO_Y,GYRO_Z,LIGH_1,GRAV_X,GRAV_Y,GRAV_Z,LINACC_X,LINACC_Y,LINACC_Z,ROTVEC_X,ROTVEC_Y,ROTVEC_Z,TIME,VOICE
0.084916,0.223652,9.786868,-0.0039818436,-0.016243275,-0.22829436,17.2375,-0.20117258,0.31774396,9.799436,-0.019380573,0.021135947,0.026919572,-0.0039632465,0.01876398,0.9370331,2017-03-02 20:29:39,NaN