ACC_X,ACC_Y,ACC_Z,GYRO_X,GYRO_Y,GYRO_Z,LIGH_1,GRAV_X,GRAV_Y,GRAV_Z,LINACC_X,LINACC_Y,LINACC_Z,ROTVEC_X,ROTVEC_Y,ROTVEC_Z,TIME,VOICE
3.5338416,-0.12449849,9.078813,-0.11747818,-0.4796752,-0.13623133,8.0,0.34411427,-0.029600536,0.93846107,0.0138605535,0.011768714,-0.007514775,0.13391726,-0.10060112,0.82355547,2016-10-26 12:42:48,32.876566610477745