ACC_X,ACC_Y,ACC_Z,GYRO_X,GYRO_Y,GYRO_Z,LIGH_1,GRAV_X,GRAV_Y,GRAV_Z,LINACC_X,LINACC_Y,LINACC_Z,ROTVEC_X,ROTVEC_Y,ROTVEC_Z,TIME,VOICE
-0.42790222,7.43161,6.8497467,2.4414063E-4,-0.08230591,-0.032699585,93.0,-0.40757877,6.852801,7.003099,-0.008225709,0.37540483,-0.36121798,0.06989709,-0.37155852,-0.9183727,2017-03-27 09:06:42,51.638422923074174