ACC_X,ACC_Y,ACC_Z,LIGH_1,TIME,VOICE
5.3438582,8.408437,-1.6280571,0.0,2017-01-26 08:17:23,NaN