ACC_X,ACC_Y,ACC_Z,GYRO_X,GYRO_Y,GYRO_Z,LIGH_1,GRAV_X,GRAV_Y,GRAV_Z,LINACC_X,LINACC_Y,LINACC_Z,ROTVEC_X,ROTVEC_Y,ROTVEC_Z,TIME,VOICE
0.33518824,6.6750345,7.2687964,-0.3726654,-0.0027008057,-0.05567932,19.0,0.091659546,6.642853,7.2134857,0.23521423,0.03111267,0.046142578,0.35025024,-0.09762573,-0.23773193,2017-03-10 08:07:07,50.03116296510867