ACC_X,ACC_Y,ACC_Z,GYRO_X,GYRO_Y,GYRO_Z,LIGH_1,GRAV_X,GRAV_Y,GRAV_Z,LINACC_X,LINACC_Y,LINACC_Z,ROTVEC_X,ROTVEC_Y,ROTVEC_Z,TIME,VOICE
-1.3640753,4.7962875,8.420311,0.0024543693,0.024543693,0.075540036,54.0,-1.375655,4.903325,8.390134,0.068101734,-0.27240694,0.16344418,0.08483887,0.2553711,0.79870605,2017-10-11 10:12:12,NaN