ACC_X,ACC_Y,ACC_Z,GYRO_X,GYRO_Y,GYRO_Z,LIGH_1,GRAV_X,GRAV_Y,GRAV_Z,LINACC_X,LINACC_Y,LINACC_Z,ROTVEC_X,ROTVEC_Y,ROTVEC_Z,TIME,VOICE
9.13146,0.160264,3.062956,-0.020656921,0.0048063807,-0.0027424842,34.825,9.281596,0.15242812,3.1621418,0.15133214,-0.010227891,0.096793614,0.56764925,-0.12864685,0.78998786,2017-03-02 20:27:55,NaN