ACC_X,ACC_Y,ACC_Z,LIGH_1,TIME,VOICE
0.35434186,-0.49799395,9.730036,17.0,2017-03-11 15:00:27,44.49735004516576