ACC_X,ACC_Y,ACC_Z,GYRO_X,GYRO_Y,GYRO_Z,LIGH_1,GRAV_X,GRAV_Y,GRAV_Z,LINACC_X,LINACC_Y,LINACC_Z,ROTVEC_X,ROTVEC_Y,ROTVEC_Z,TIME,VOICE
-7.97748,1.5753847,5.305551,0.0074150395,0.024858745,-0.018658906,2.0,-8.902689,1.5997757,-3.7886746,0.92520934,-0.02439093,9.094226,-0.58833826,0.5890862,0.45458785,2017-03-09 06:49:22,-11.41068236908836