ACC_X,ACC_Y,ACC_Z,LIGH_1,TIME,VOICE
5.171476,8.475474,-2.1260512,0.0,2017-01-26 08:17:11,NaN