ACC_X,ACC_Y,ACC_Z,LIGH_1,GRAV_X,GRAV_Y,GRAV_Z,LINACC_X,LINACC_Y,LINACC_Z,ROTVEC_X,ROTVEC_Y,ROTVEC_Z,TIME,VOICE
9.767975,-0.17526245,-2.5589142,2.0,9.508125,-0.14375891,-2.3969293,0.0029087067,-0.016528472,-0.1118896,0.18789434,-0.7668252,0.15542245,2017-05-17 15:03:14,35.65216164737833