ACC_X,ACC_Y,ACC_Z,GYRO_X,GYRO_Y,GYRO_Z,LIGH_1,GRAV_X,GRAV_Y,GRAV_Z,LINACC_X,LINACC_Y,LINACC_Z,ROTVEC_X,ROTVEC_Y,ROTVEC_Z,TIME,VOICE
-0.47615558,-0.6132733,8.954465,0.2838775,-0.3291649,0.18316014,50.0,-0.056938894,0.24172156,9.803455,0.017342383,-0.18687822,-0.7236106,0.004163227,0.0119587965,0.8437988,2017-11-24 07:46:35,32.242745203986225