ACC_X,ACC_Y,ACC_Z,GYRO_X,GYRO_Y,GYRO_Z,LIGH_1,GRAV_X,GRAV_Y,GRAV_Z,LINACC_X,LINACC_Y,LINACC_Z,ROTVEC_X,ROTVEC_Y,ROTVEC_Z,TIME,VOICE
3.8423004,4.19458,7.985977,-0.36213684,-0.11029053,-0.26487732,0.0,3.4465287,3.4460986,8.509773,0.17487597,1.119412,-0.107237816,-0.11143276,-0.23174356,-0.9119346,2017-06-26 19:22:38,42.520690318076305