ACC_X,ACC_Y,ACC_Z,GYRO_X,GYRO_Y,GYRO_Z,LIGH_1,GRAV_X,GRAV_Y,GRAV_Z,LINACC_X,LINACC_Y,LINACC_Z,ROTVEC_X,ROTVEC_Y,ROTVEC_Z,TIME,VOICE
-2.3988047,2.861816,9.110074,-0.10100985,0.5782002,0.13230762,37.0,-0.008201272,2.969149,9.346362,2.257802,-0.102637075,-0.19920507,0.061363168,-0.14036648,-0.90654486,2017-01-16 09:13:31,59.94098236956176