ACC_X,ACC_Y,ACC_Z,GYRO_X,GYRO_Y,GYRO_Z,LIGH_1,GRAV_X,GRAV_Y,GRAV_Z,LINACC_X,LINACC_Y,LINACC_Z,ROTVEC_X,ROTVEC_Y,ROTVEC_Z,TIME,VOICE
-0.5267244,2.6144683,9.902418,-0.07941248,0.24312437,0.6035349,26.0,-0.55,3.2537,9.2347,0.095199995,-0.80009997,0.3292,0.165115,-0.021311,-0.287675,2017-09-03 19:31:37,38.286259659534906