ACC_X,ACC_Y,ACC_Z,GYRO_X,GYRO_Y,GYRO_Z,LIGH_1,GRAV_X,GRAV_Y,GRAV_Z,LINACC_X,LINACC_Y,LINACC_Z,ROTVEC_X,ROTVEC_Y,ROTVEC_Z,TIME,VOICE
0.038307227,3.5242648,9.040505,-0.02443461,0.009773844,0.017104227,27.0,0.0098,3.6028998,9.1208,0.0196,-0.0486,-0.067499995,0.180897,-0.047403,-0.247235,2017-09-03 19:35:49,37.44735610698993