ACC_X,ACC_Y,ACC_Z,LIGH_1,TIME,VOICE
5.1140146,8.532935,-1.7429788,0.0,2017-01-26 08:17:55,NaN