ACC_X,ACC_Y,ACC_Z,GYRO_X,GYRO_Y,GYRO_Z,LIGH_1,GRAV_X,GRAV_Y,GRAV_Z,LINACC_X,LINACC_Y,LINACC_Z,ROTVEC_X,ROTVEC_Y,ROTVEC_Z,TIME,VOICE
-1.3982137,9.509769,3.2273839,0.028671265,0.19641113,-0.25798035,4.0,-1.0424347,9.349136,2.7707672,-0.34681702,0.15785217,0.44361877,0.5853882,-0.12664795,-0.25502014,2017-03-10 00:28:12,21.542527476020958