ACC_X,ACC_Y,ACC_Z,GYRO_X,GYRO_Y,GYRO_Z,LIGH_1,GRAV_X,GRAV_Y,GRAV_Z,LINACC_X,LINACC_Y,LINACC_Z,ROTVEC_X,ROTVEC_Y,ROTVEC_Z,TIME,VOICE
0.24899697,0.45010993,9.758766,-0.029321533,0.0036651916,0.0012217305,0.0,0.2332,0.3954,9.7958,0.022499999,0.0374,-0.0121,0.022165,-0.007544,0.203297,2016-12-03 17:53:44,33.25386084302597