ACC_X,ACC_Y,ACC_Z,GYRO_X,GYRO_Y,GYRO_Z,LIGH_1,GRAV_X,GRAV_Y,GRAV_Z,LINACC_X,LINACC_Y,LINACC_Z,ROTVEC_X,ROTVEC_Y,ROTVEC_Z,TIME,VOICE
1.2497733,0.035913024,9.660604,0.0,-0.002130529,-0.0010652645,97.0,1.2758013,0.038732264,9.72323,0.0098849535,-0.014790248,-0.07579422,-0.015994,-0.063225,-0.273965,2017-06-20 13:07:02,47.01959539632845