ACC_X,ACC_Y,ACC_Z,GYRO_X,GYRO_Y,GYRO_Z,LIGH_1,GRAV_X,GRAV_Y,GRAV_Z,LINACC_X,LINACC_Y,LINACC_Z,ROTVEC_X,ROTVEC_Y,ROTVEC_Z,TIME,VOICE
7.186676,4.576645,3.9245453,-0.1918335,-0.42289734,0.4767151,21.0,7.328938,3.8867452,5.229748,-0.1273756,-0.25636768,-0.63007736,0.45825106,0.1528497,0.86359316,2017-07-17 20:33:15,31.735518218097877