ACC_X,ACC_Y,ACC_Z,GYRO_X,GYRO_Y,GYRO_Z,LIGH_1,GRAV_X,GRAV_Y,GRAV_Z,LINACC_X,LINACC_Y,LINACC_Z,ROTVEC_X,ROTVEC_Y,ROTVEC_Z,TIME,VOICE
-0.8991089,8.107956,5.219925,-0.05973816,0.047195435,-0.03315735,30.5896,-0.7354712,8.17207,5.370918,-0.044332266,0.2623396,-0.33571815,0.031533644,0.4745156,0.86898434,2017-08-24 17:28:08,51.00793549971125