ACC_X,ACC_Y,ACC_Z,GYRO_X,GYRO_Y,GYRO_Z,LIGH_1,GRAV_X,GRAV_Y,GRAV_Z,LINACC_X,LINACC_Y,LINACC_Z,ROTVEC_X,ROTVEC_Y,ROTVEC_Z,TIME,VOICE
-0.15322891,3.064578,9.270349,0.0036651914,0.0012217305,0.002443461,34.0,-0.1103,3.1241,9.295,-0.0178,-0.0462,-0.0128,0.142234,-0.076598,-0.49804,2017-09-03 18:25:04,58.60662995546434