ACC_X,ACC_Y,ACC_Z,GYRO_X,GYRO_Y,GYRO_Z,LIGH_1,GRAV_X,GRAV_Y,GRAV_Z,LINACC_X,LINACC_Y,LINACC_Z,ROTVEC_X,ROTVEC_Y,ROTVEC_Z,TIME,VOICE
3.0638428,-0.51049805,9.625061,-0.025238037,0.059143066,0.005783081,61.0,2.9707618,-0.527026,9.330981,0.01310277,-0.016441703,0.0024757385,-0.15379177,0.024504507,-0.98764694,2017-07-17 20:32:07,31.052328076995206