ACC_X,ACC_Y,ACC_Z,GYRO_X,GYRO_Y,GYRO_Z,LIGH_1,GRAV_X,GRAV_Y,GRAV_Z,LINACC_X,LINACC_Y,LINACC_Z,ROTVEC_X,ROTVEC_Y,ROTVEC_Z,TIME,VOICE
1.8195801,3.1712494,9.471115,0.21595764,-0.30726624,-0.40890503,57.0,1.8754064,3.2722552,9.05238,-0.099167824,0.056361437,0.40727615,0.1582439,-0.10631584,-0.03875094,2017-07-17 16:08:35,43.699611681663846