ACC_X,ACC_Y,ACC_Z,GYRO_X,GYRO_Y,GYRO_Z,LIGH_1,GRAV_X,GRAV_Y,GRAV_Z,LINACC_X,LINACC_Y,LINACC_Z,ROTVEC_X,ROTVEC_Y,ROTVEC_Z,TIME,VOICE
0.06703765,-0.1436521,9.672575,0.006317129,-0.011794802,0.19246641,165.0,0.0036674333,-0.016148888,0.9998629,0.0031515376,0.0015268605,-0.0128647685,-0.008024208,9.216106E-4,-0.36015624,2017-11-08 12:33:59,47.17780934540365