ACC_X,ACC_Y,ACC_Z,GYRO_X,GYRO_Y,GYRO_Z,LIGH_1,GRAV_X,GRAV_Y,GRAV_Z,LINACC_X,LINACC_Y,LINACC_Z,ROTVEC_X,ROTVEC_Y,ROTVEC_Z,TIME,VOICE
-0.9102783,8.158615,5.477951,-0.01890564,-0.032104492,0.0070648193,30.80397,-0.91305083,8.146911,5.3818746,0.032488942,-4.1866302E-4,0.03228855,0.01152609,0.47483462,0.8718886,2017-08-24 17:28:01,59.022651014874