ACC_X,ACC_Y,ACC_Z,GYRO_X,GYRO_Y,GYRO_Z,LIGH_1,GRAV_X,GRAV_Y,GRAV_Z,LINACC_X,LINACC_Y,LINACC_Z,ROTVEC_X,ROTVEC_Y,ROTVEC_Z,TIME,VOICE
0.16280572,1.8004397,9.682152,0.032455444,-0.054611206,0.024993896,6.0,0.09567261,1.7498169,9.648788,0.054138184,0.048049927,0.021636963,0.07571411,0.048095703,0.57917786,2017-02-17 10:17:20,48.00835406548358