ACC_X,ACC_Y,ACC_Z,LIGH_1,TIME,VOICE
-0.16280572,2.9113493,9.308656,93.0,2017-01-27 13:36:27,NaN