ACC_X,ACC_Y,ACC_Z,GYRO_X,GYRO_Y,GYRO_Z,LIGH_1,GRAV_X,GRAV_Y,GRAV_Z,LINACC_X,LINACC_Y,LINACC_Z,ROTVEC_X,ROTVEC_Y,ROTVEC_Z,TIME,VOICE
1.292869,1.6472107,9.672575,-0.034835815,-0.04486084,-0.2655487,27.0,1.269989,1.6165771,9.588745,0.010299683,0.017852783,0.0816803,0.08634949,0.060424805,0.9516907,2016-11-24 21:43:39,34.44132173269976