ACC_X,ACC_Y,ACC_Z,GYRO_X,GYRO_Y,GYRO_Z,LIGH_1,GRAV_X,GRAV_Y,GRAV_Z,LINACC_X,LINACC_Y,LINACC_Z,ROTVEC_X,ROTVEC_Y,ROTVEC_Z,TIME,VOICE
0.076614454,0.21068975,10.04607,-0.005060006,0.002130529,7.9894834E-4,0.0,0.053252734,0.1970743,9.804524,0.02336172,0.013615459,0.24154568,0.008302085,-0.0062786317,-0.37423104,2017-01-09 14:22:11,-Infinity