ACC_X,ACC_Y,ACC_Z,GYRO_X,GYRO_Y,GYRO_Z,LIGH_1,GRAV_X,GRAV_Y,GRAV_Z,LINACC_X,LINACC_Y,LINACC_Z,ROTVEC_X,ROTVEC_Y,ROTVEC_Z,TIME,VOICE
-0.06703765,9.615114,2.9496565,0.022277832,-0.4655304,-0.13261414,6.0,-0.072784424,9.410736,2.7573395,0.018310547,0.19158936,0.18463135,0.5749359,-0.16986084,-0.23271179,2017-03-10 01:05:15,16.023991514247804