ACC_X,ACC_Y,ACC_Z,GYRO_X,GYRO_Y,GYRO_Z,LIGH_1,GRAV_X,GRAV_Y,GRAV_Z,LINACC_X,LINACC_Y,LINACC_Z,ROTVEC_X,ROTVEC_Y,ROTVEC_Z,TIME,VOICE
0.076614454,2.9113493,9.289502,-0.002443461,-0.0036651914,0.0012217305,32.0,0.083,2.965,9.347199,0.192,-0.0622,0.28599998,0.148407,-0.036491,-0.208829,2017-09-03 19:44:42,62.557788693456054