ACC_X,ACC_Y,ACC_Z,LIGH_1,TIME,VOICE
0.4213795,-0.10534488,9.662998,81.0,2017-01-27 10:59:35,NaN