ACC_X,ACC_Y,ACC_Z,GYRO_X,GYRO_Y,GYRO_Z,LIGH_1,GRAV_X,GRAV_Y,GRAV_Z,LINACC_X,LINACC_Y,LINACC_Z,ROTVEC_X,ROTVEC_Y,ROTVEC_Z,TIME,VOICE
8.054094,2.0111294,5.142745,-0.35053164,0.017264972,0.020867914,312.0,0.8293322,0.20764095,0.5187421,-0.0073376894,-0.0025272965,0.0058326125,-0.47276598,-0.1344212,-0.8703484,2016-11-03 08:51:58,30.750813964218388