ACC_X,ACC_Y,ACC_Z,LIGH_1,TIME,VOICE
-8.791509,3.2369606,-2.4612393,0.0,2016-12-04 07:16:53,43.603867716248274