ACC_X,ACC_Y,ACC_Z,TIME,VOICE
-0.30645782,0.45968673,9.80665,2017-03-14 12:44:32,69.69793728982071