ACC_X,ACC_Y,ACC_Z,GYRO_X,GYRO_Y,GYRO_Z,LIGH_1,GRAV_X,GRAV_Y,GRAV_Z,LINACC_X,LINACC_Y,LINACC_Z,ROTVEC_X,ROTVEC_Y,ROTVEC_Z,TIME,VOICE
0.5650316,0.2681506,9.385271,0.01457365,0.002260645,-0.118314676,123.0,0.39185637,0.107737795,9.798226,-0.44633782,0.7367238,-0.4955291,0.020690648,-0.0011919843,0.9471728,2017-03-28 13:27:46,22.949160867777294