ACC_X,ACC_Y,ACC_Z,GYRO_X,GYRO_Y,GYRO_Z,LIGH_1,GRAV_X,GRAV_Y,GRAV_Z,LINACC_X,LINACC_Y,LINACC_Z,ROTVEC_X,ROTVEC_Y,ROTVEC_Z,TIME,VOICE
0.8882488,4.5034933,8.990228,-0.02727077,0.0076358155,0.034906585,1.9867545,0.8403648,4.630386,8.604761,0.047884032,-0.12689269,0.3854665,0.24911642,0.005522281,0.19874439,2016-10-27 13:08:09,38.07099013869438