ACC_X,ACC_Y,ACC_Z,GYRO_X,GYRO_Y,GYRO_Z,LIGH_1,GRAV_X,GRAV_Y,GRAV_Z,LINACC_X,LINACC_Y,LINACC_Z,ROTVEC_X,ROTVEC_Y,ROTVEC_Z,TIME,VOICE
7.536947,5.985504,-0.49799395,-0.016362462,0.031634092,0.053450707,3.7652965,7.678205,6.0860605,-0.47884035,-0.10295067,-0.04309563,-0.05267244,0.65542674,-0.54182243,-0.0015272796,2017-11-02 23:44:57,75.91904607475756