ACC_X,ACC_Y,ACC_Z,LIGH_1,TIME,VOICE
-0.80445176,3.7062242,8.504205,2.0,2017-01-06 21:02:30,36.90587359623558