ACC_X,ACC_Y,ACC_Z,GYRO_X,GYRO_Y,GYRO_Z,LIGH_1,GRAV_X,GRAV_Y,GRAV_Z,LINACC_X,LINACC_Y,LINACC_Z,ROTVEC_X,ROTVEC_Y,ROTVEC_Z,TIME,VOICE
2.2828712,-0.027533319,9.715671,0.0010613832,0.01811592,-1.293003E-6,97.0,2.1988955,-0.10694816,9.556349,-0.01745224,0.0015362501,-0.023039818,0.04376848,-0.104144715,0.429005,2017-06-20 22:55:20,67.19999412367065