ACC_X,ACC_Y,ACC_Z,GYRO_X,GYRO_Y,GYRO_Z,LIGH_1,GRAV_X,GRAV_Y,GRAV_Z,LINACC_X,LINACC_Y,LINACC_Z,ROTVEC_X,ROTVEC_Y,ROTVEC_Z,TIME,VOICE
-1.1923828,2.1933594,9.0,-0.10333252,-0.17956543,-0.07098389,286.0,0.43066406,2.5800781,9.4453125,-2.2832031,-1.9775391,-0.14672852,0.13439941,0.007019043,0.21374512,2017-02-07 14:13:18,46.43701040868508