ACC_X,ACC_Y,ACC_Z,GYRO_X,GYRO_Y,GYRO_Z,LIGH_1,GRAV_X,GRAV_Y,GRAV_Z,LINACC_X,LINACC_Y,LINACC_Z,ROTVEC_X,ROTVEC_Y,ROTVEC_Z,TIME,VOICE
1.1591492,3.0037537,9.585968,0.60183716,0.71990967,-1.3229523,11.0,2.3611598,3.249889,8.946146,-1.2635629,-0.33085585,0.40660763,0.15895367,0.13640828,0.9513342,2017-06-29 17:23:33,41.68494721295274