ACC_X,ACC_Y,ACC_Z,GYRO_X,GYRO_Y,GYRO_Z,LIGH_1,GRAV_X,GRAV_Y,GRAV_Z,LINACC_X,LINACC_Y,LINACC_Z,ROTVEC_X,ROTVEC_Y,ROTVEC_Z,TIME,VOICE
4.606444,-0.6368576,8.418014,0.16790378,-0.047970187,-0.040688306,0.0,4.7285485,0.043843817,8.591144,-0.12210429,-0.6807015,-0.1731307,0.24784291,-0.023331761,0.96337044,2017-07-25 07:48:46,32.254587063132334