ACC_X,ACC_Y,ACC_Z,GYRO_X,GYRO_Y,GYRO_Z,LIGH_1,GRAV_X,GRAV_Y,GRAV_Z,LINACC_X,LINACC_Y,LINACC_Z,ROTVEC_X,ROTVEC_Y,ROTVEC_Z,TIME,VOICE
9.428757,1.094284,2.4912567,0.0051879883,-0.022491455,-0.021942139,0.0,9.345887,0.9294571,2.8215015,0.012626648,0.04660052,-0.3770268,0.41011953,-0.43352672,0.49103993,2017-07-04 13:14:21,32.901769169259794