ACC_X,ACC_Y,ACC_Z,GYRO_X,GYRO_Y,GYRO_Z,LIGH_1,GRAV_X,GRAV_Y,GRAV_Z,LINACC_X,LINACC_Y,LINACC_Z,ROTVEC_X,ROTVEC_Y,ROTVEC_Z,TIME,VOICE
8.983045,-2.0015526,3.2082303,-0.34477234,0.09036255,0.17741394,0.0,9.394211,-1.547348,2.3504791,-0.418396,-0.4412079,0.850296,-0.613678,-0.059524536,-0.76083374,2017-03-10 01:26:43,16.323623748022236