ACC_X,ACC_Y,ACC_Z,LIGH_1,GRAV_X,GRAV_Y,GRAV_Z,LINACC_X,LINACC_Y,LINACC_Z,ROTVEC_X,ROTVEC_Y,ROTVEC_Z,TIME,VOICE
-4.746414,8.237579,-2.9223785,15.0,-4.0424275,8.32586,-3.2417939,-0.12847233,-0.027859688,-0.24954724,0.13401727,0.804565,0.47185245,2017-05-24 12:42:59,34.381698943302595