ACC_X,ACC_Y,ACC_Z,GYRO_X,GYRO_Y,GYRO_Z,LIGH_1,GRAV_X,GRAV_Y,GRAV_Z,LINACC_X,LINACC_Y,LINACC_Z,ROTVEC_X,ROTVEC_Y,ROTVEC_Z,TIME,VOICE
2.4899697,1.4652514,9.337387,-0.005769627,-0.058866575,0.064750314,1.0,2.0800028,1.8982437,9.39365,0.49424303,-0.45448682,-0.17267515,-0.07628149,-0.12344355,-0.9515518,2016-12-06 18:18:13,31.417309154960638