ACC_X,ACC_Y,ACC_Z,GYRO_X,GYRO_Y,GYRO_Z,LIGH_1,GRAV_X,GRAV_Y,GRAV_Z,LINACC_X,LINACC_Y,LINACC_Z,ROTVEC_X,ROTVEC_Y,ROTVEC_Z,TIME,VOICE
2.2218192,0.095768064,9.643845,-0.0054084,1.9316233E-4,-0.019996636,0.0,2.1867979,0.0958993,9.559242,0.006078196,-5.5686105E-4,0.083964154,-0.09159198,-0.06500166,-0.8347611,2017-01-06 13:46:44,NaN