ACC_X,ACC_Y,ACC_Z,LIGH_1,TIME,VOICE
1.3982137,-8.791509,3.514688,4.0,2017-01-29 12:42:27,NaN