ACC_X,ACC_Y,ACC_Z,LIGH_1,GRAV_X,GRAV_Y,GRAV_Z,LINACC_X,LINACC_Y,LINACC_Z,ROTVEC_X,ROTVEC_Y,ROTVEC_Z,TIME,VOICE
6.081272,-5.7365074,-4.999093,0.0,6.3349,-5.5397,-5.0348,-0.196,-0.5207,-0.82949996,-0.641265,-0.58778,-0.054325,2017-07-31 23:45:19,36.97601995867756