ACC_X,ACC_Y,ACC_Z,GYRO_X,GYRO_Y,GYRO_Z,LIGH_1,GRAV_X,GRAV_Y,GRAV_Z,LINACC_X,LINACC_Y,LINACC_Z,ROTVEC_X,ROTVEC_Y,ROTVEC_Z,TIME,VOICE
5.813122,7.565677,-2.1547816,0.14069109,0.32091096,0.0049560135,142.0,0.0,0.0,0.0,0.0,0.0,0.0,0.75698066,-0.18231863,0.25135383,2017-02-03 13:02:39,49.64054134597993