ACC_X,ACC_Y,ACC_Z,GYRO_X,GYRO_Y,GYRO_Z,LIGH_1,GRAV_X,GRAV_Y,GRAV_Z,LINACC_X,LINACC_Y,LINACC_Z,ROTVEC_X,ROTVEC_Y,ROTVEC_Z,TIME,VOICE
6.82318,0.40783602,6.42252,3.059129,-3.4990103,2.9730172,37.975,8.865054,1.5608095,3.8916724,1.79789,1.0034734,-0.020443654,-0.53413063,-0.12761053,-0.8341995,2017-03-06 20:13:35,NaN