ACC_X,ACC_Y,ACC_Z,GYRO_X,GYRO_Y,GYRO_Z,LIGH_1,GRAV_X,GRAV_Y,GRAV_Z,LINACC_X,LINACC_Y,LINACC_Z,ROTVEC_X,ROTVEC_Y,ROTVEC_Z,TIME,VOICE
0.8714894,5.133168,8.456321,0.024215698,0.109313965,0.17276001,17.0,0.8599701,5.074646,8.347366,-0.0018920898,0.046585083,0.097229004,0.27064514,-0.03390503,0.041549683,2016-11-24 22:06:32,25.702984344888637