ACC_X,ACC_Y,ACC_Z,GYRO_X,GYRO_Y,GYRO_Z,LIGH_1,GRAV_X,GRAV_Y,GRAV_Z,LINACC_X,LINACC_Y,LINACC_Z,ROTVEC_X,ROTVEC_Y,ROTVEC_Z,TIME,VOICE
2.815581,5.650316,7.9966335,-0.043982297,-0.13927728,-0.052534413,1.0,2.198,6.3469996,7.1452,0.6599,-0.6563,1.221,0.306926,0.211753,0.744088,2017-06-28 21:38:02,43.59839779036692