ACC_X,ACC_Y,ACC_Z,GYRO_X,GYRO_Y,GYRO_Z,LIGH_1,GRAV_X,GRAV_Y,GRAV_Z,LINACC_X,LINACC_Y,LINACC_Z,ROTVEC_X,ROTVEC_Y,ROTVEC_Z,TIME,VOICE
-0.39264908,4.510676,8.590396,-0.017104227,-0.004886922,0.019547688,18.0,-0.4183,4.5294,8.6879,-0.035499997,0.021499999,-0.0493,0.219197,-0.094718,-0.465233,2017-09-03 18:41:03,68.181516006483