ACC_X,ACC_Y,ACC_Z,GYRO_X,GYRO_Y,GYRO_Z,LIGH_1,GRAV_X,GRAV_Y,GRAV_Z,LINACC_X,LINACC_Y,LINACC_Z,ROTVEC_X,ROTVEC_Y,ROTVEC_Z,TIME,VOICE
8.015787,2.6431987,4.9320555,-0.9794818,-0.10823534,0.049096324,406.0,0.81159747,0.2850639,0.5099493,0.0054656863,-0.014326006,-0.0058564544,0.4706949,0.1418704,0.86925054,2016-11-03 08:53:05,31.431657876735734