ACC_X,ACC_Y,ACC_Z,GYRO_X,GYRO_Y,GYRO_Z,LIGH_1,GRAV_X,GRAV_Y,GRAV_Z,LINACC_X,LINACC_Y,LINACC_Z,ROTVEC_X,ROTVEC_Y,ROTVEC_Z,TIME,VOICE
-0.46070862,4.162216,9.311905,0.08917236,0.0037078857,0.002380371,49.0,-0.4463751,3.9968638,8.94406,-0.017474711,0.025575638,-0.17698002,0.15519266,0.14104992,0.57325417,2017-10-29 21:07:49,61.801604762486946