ACC_X,ACC_Y,ACC_Z,GYRO_X,GYRO_Y,GYRO_Z,LIGH_1,GRAV_X,GRAV_Y,GRAV_Z,LINACC_X,LINACC_Y,LINACC_Z,ROTVEC_X,ROTVEC_Y,ROTVEC_Z,TIME,VOICE
4.616285,1.1751862,12.811503,0.85110945,-1.6083635,0.9366315,0.0,1.1971819,1.2878736,9.647671,1.9814994,1.0707033,-0.66962457,0.08997302,0.0028393723,0.70075494,2017-11-24 10:29:37,26.794527394993448