ACC_X,ACC_Y,ACC_Z,GYRO_X,GYRO_Y,GYRO_Z,LIGH_1,GRAV_X,GRAV_Y,GRAV_Z,LINACC_X,LINACC_Y,LINACC_Z,ROTVEC_X,ROTVEC_Y,ROTVEC_Z,TIME,VOICE
-0.15322891,3.064578,9.279925,-0.0012217305,-0.0012217305,0.0073303827,36.0,-0.1325,3.0953999,9.304299,-0.0055,-0.0079,-0.0123,0.141612,-0.074534,-0.496692,2017-09-03 18:25:27,55.7242900456222