ACC_X,ACC_Y,ACC_Z,GYRO_X,GYRO_Y,GYRO_Z,LIGH_1,GRAV_X,GRAV_Y,GRAV_Z,LINACC_X,LINACC_Y,LINACC_Z,ROTVEC_X,ROTVEC_Y,ROTVEC_Z,TIME,VOICE
2.791913,1.716273,9.478792,-0.76922387,-0.47704569,0.08204872,0.0,1.8135399,2.4450862,9.322125,0.8236673,-0.43638003,0.076023914,0.072104685,-0.13965082,-0.43489125,2017-10-07 22:01:02,24.91994669662184