ACC_X,ACC_Y,ACC_Z,GYRO_X,GYRO_Y,GYRO_Z,LIGH_1,GRAV_X,GRAV_Y,GRAV_Z,LINACC_X,LINACC_Y,LINACC_Z,ROTVEC_X,ROTVEC_Y,ROTVEC_Z,TIME,VOICE
0.009576807,0.10534488,9.80665,-4.0903117E-4,-2.6650843E-4,0.029696984,0.0,-7.3652505E-4,0.106030494,9.806078,7.3652505E-4,-0.010688061,0.014192295,0.001271549,-0.0052545983,-0.9735432,2017-01-06 12:32:43,NaN