ACC_X,ACC_Y,ACC_Z,GYRO_X,GYRO_Y,GYRO_Z,LIGH_1,GRAV_X,GRAV_Y,GRAV_Z,LINACC_X,LINACC_Y,LINACC_Z,ROTVEC_X,ROTVEC_Y,ROTVEC_Z,TIME,VOICE
2.609848,2.9220123,9.2341,0.08607483,0.045684814,-0.041870117,43.0,2.671466,2.7459965,9.027357,-0.0050144196,0.0069305897,-0.14745617,0.17760506,-0.090495124,0.2899633,2017-10-21 14:55:40,44.1157254436638