ACC_X,ACC_Y,ACC_Z,GYRO_X,GYRO_Y,GYRO_Z,LIGH_1,GRAV_X,GRAV_Y,GRAV_Z,LINACC_X,LINACC_Y,LINACC_Z,ROTVEC_X,ROTVEC_Y,ROTVEC_Z,TIME,VOICE
0.36391866,2.0494366,9.739613,-0.02557373,-0.0043182373,-0.013214111,14.0,0.35975647,2.0473938,9.583786,-0.0056152344,-0.004348755,0.15473938,0.10128784,0.033187866,0.46853638,2017-03-10 12:12:05,20.63966321791459