ACC_X,ACC_Y,ACC_Z,GYRO_X,GYRO_Y,GYRO_Z,LIGH_1,GRAV_X,GRAV_Y,GRAV_Z,LINACC_X,LINACC_Y,LINACC_Z,ROTVEC_X,ROTVEC_Y,ROTVEC_Z,TIME,VOICE
3.9839516,7.5848308,4.357447,0.06884483,-0.2861603,-0.037092905,0.0,0.41585252,0.78639925,0.45677447,0.004032105,-0.0068863034,-0.02107647,0.5134331,-0.073317125,0.291762,2016-11-09 16:12:38,54.92194317378254