ACC_X,ACC_Y,ACC_Z,GYRO_X,GYRO_Y,GYRO_Z,LIGH_1,GRAV_X,GRAV_Y,GRAV_Z,LINACC_X,LINACC_Y,LINACC_Z,ROTVEC_X,ROTVEC_Y,ROTVEC_Z,TIME,VOICE
9.013056,4.2613482,-1.132612,0.044446044,0.021063915,0.019167053,140.7,8.864483,4.1319857,-0.7197511,-0.07920506,-0.054014206,0.3997049,-0.5748657,-0.4541218,-0.6623642,2017-02-12 10:22:42,67.61417773248488