ACC_X,ACC_Y,ACC_Z,GYRO_X,GYRO_Y,GYRO_Z,LIGH_1,GRAV_X,GRAV_Y,GRAV_Z,LINACC_X,LINACC_Y,LINACC_Z,ROTVEC_X,ROTVEC_Y,ROTVEC_Z,TIME,VOICE
-0.7565677,3.0071173,10.314221,-0.10873401,0.36163223,-0.118507855,36.0,-0.0143,3.1752,9.278299,-0.1034,0.081999995,-0.63589996,0.142645,-0.081159,-0.491686,2017-09-03 18:26:11,46.39030726593204