ACC_X,ACC_Y,ACC_Z,GYRO_X,GYRO_Y,GYRO_Z,LIGH_1,GRAV_X,GRAV_Y,GRAV_Z,LINACC_X,LINACC_Y,LINACC_Z,ROTVEC_X,ROTVEC_Y,ROTVEC_Z,TIME,VOICE
0.545878,6.531382,7.603985,-0.064331055,0.050689697,0.08276367,19.0,0.37817383,6.6460114,7.201233,0.16662598,-0.12185669,0.39891052,0.34632874,-0.11352539,-0.23931885,2017-03-10 08:07:30,39.374055113036675