ACC_X,ACC_Y,ACC_Z,GYRO_X,GYRO_Y,GYRO_Z,LIGH_1,GRAV_X,GRAV_Y,GRAV_Z,LINACC_X,LINACC_Y,LINACC_Z,ROTVEC_X,ROTVEC_Y,ROTVEC_Z,TIME,VOICE
9.424,0.882,-0.382,-0.012283325,-0.40190125,-0.009719849,0.0,9.763458,0.753891,0.5260925,-0.37904358,0.076934814,-0.8257446,-0.3620453,-0.5848694,-0.42840576,2017-01-23 02:46:10,-5.464069676539046