ACC_X,ACC_Y,ACC_Z,GYRO_X,GYRO_Y,GYRO_Z,LIGH_1,GRAV_X,GRAV_Y,GRAV_Z,LINACC_X,LINACC_Y,LINACC_Z,ROTVEC_X,ROTVEC_Y,ROTVEC_Z,TIME,VOICE
0.299,6.053,7.674,-0.046895817,-0.08979483,-0.029443111,77.0,0.487,5.97,7.764,-0.326,0.131,-0.521,0.231002,0.218577,0.708358,2017-05-16 13:08:02,46.262054716172855