ACC_X,ACC_Y,ACC_Z,GYRO_X,GYRO_Y,GYRO_Z,LIGH_1,GRAV_X,GRAV_Y,GRAV_Z,LINACC_X,LINACC_Y,LINACC_Z,ROTVEC_X,ROTVEC_Y,ROTVEC_Z,TIME,VOICE
-2.078167,8.963891,4.0797195,-0.046279907,0.081954956,0.025985718,4.0,-1.980484,8.772003,3.9114838,-0.089782715,0.20379639,0.14735413,0.54452515,-0.06364441,-0.27764893,2017-03-10 12:58:18,37.839863855498265