ACC_X,ACC_Y,ACC_Z,GYRO_X,GYRO_Y,GYRO_Z,LIGH_1,GRAV_X,GRAV_Y,GRAV_Z,LINACC_X,LINACC_Y,LINACC_Z,ROTVEC_X,ROTVEC_Y,ROTVEC_Z,TIME,VOICE
-0.2681506,9.758766,2.2122424,-0.25750732,0.6745758,0.701355,4.0,-1.0477905,9.686951,1.1114349,0.8434906,0.092437744,0.41403198,0.6437378,-0.17002869,-0.2669983,2017-03-10 00:37:32,21.58409613506016