ACC_X,ACC_Y,ACC_Z,GYRO_X,GYRO_Y,GYRO_Z,LIGH_1,GRAV_X,GRAV_Y,GRAV_Z,LINACC_X,LINACC_Y,LINACC_Z,ROTVEC_X,ROTVEC_Y,ROTVEC_Z,TIME,VOICE
3.023488,6.656936,6.9272323,-0.054783106,0.057745874,0.032483026,6.0,3.1800969,3.9394636,8.39869,-0.009635259,-2.788036,1.7704577,-0.010253954,-0.26773277,-0.77227485,2016-11-22 18:51:21,47.14570120973117