ACC_X,ACC_Y,ACC_Z,GYRO_X,GYRO_Y,GYRO_Z,LIGH_1,GRAV_X,GRAV_Y,GRAV_Z,LINACC_X,LINACC_Y,LINACC_Z,ROTVEC_X,ROTVEC_Y,ROTVEC_Z,TIME,VOICE
-0.078,-0.147,9.728,1.745353E-5,1.745353E-5,1.745353E-5,23.0,-0.073321,-0.157717,9.804497,-0.004679,0.001717,-0.037497,-0.0082,-0.0032,0.7226,2017-11-13 16:33:29,32.611699019759335