ACC_X,ACC_Y,ACC_Z,GYRO_X,GYRO_Y,GYRO_Z,LIGH_1,GRAV_X,GRAV_Y,GRAV_Z,LINACC_X,LINACC_Y,LINACC_Z,ROTVEC_X,ROTVEC_Y,ROTVEC_Z,TIME,VOICE
1.0247183,2.9592333,8.590396,-0.02321288,0.16982053,0.041538835,34.0,0.025799999,3.1039999,9.3024,-0.2218,0.1796,-1.2164999,0.138712,-0.080426,-0.48797,2017-09-03 18:25:47,55.34648382918959