ACC_X,ACC_Y,ACC_Z,GYRO_X,GYRO_Y,GYRO_Z,LIGH_1,GRAV_X,GRAV_Y,GRAV_Z,LINACC_X,LINACC_Y,LINACC_Z,ROTVEC_X,ROTVEC_Y,ROTVEC_Z,TIME,VOICE
9.670425,-0.84550476,1.5365143,-0.3128357,0.29081726,-0.55558777,0.0,9.446926,-0.7135723,2.5331361,-0.5617628,1.2147703,0.54733205,0.4233735,-0.43772238,0.5928256,2017-07-04 10:11:52,44.254603442125344