ACC_X,ACC_Y,ACC_Z,GYRO_X,GYRO_Y,GYRO_Z,LIGH_1,GRAV_X,GRAV_Y,GRAV_Z,LINACC_X,LINACC_Y,LINACC_Z,ROTVEC_X,ROTVEC_Y,ROTVEC_Z,TIME,VOICE
11.948395,6.3257904,5.5899506,-1.0895844,-0.4492035,-1.3890839,9.0,8.174809,3.830092,3.830572,3.4958954,2.7189867,2.071446,0.55419916,0.1186799,0.80868405,2017-07-17 20:10:55,30.08232782105281