ACC_X,ACC_Y,ACC_Z,GYRO_X,GYRO_Y,GYRO_Z,LIGH_1,GRAV_X,GRAV_Y,GRAV_Z,LINACC_X,LINACC_Y,LINACC_Z,ROTVEC_X,ROTVEC_Y,ROTVEC_Z,TIME,VOICE
-0.019,-0.049,9.856,-0.0024719238,0.0018463135,0.02305603,144.0,-0.019302368,-0.024658203,9.806595,-0.0079193115,0.024658203,0.013656616,-0.0015411377,3.8146973E-4,0.40229797,2016-12-30 13:11:09,-9.728734586991884