ACC_X,ACC_Y,ACC_Z,GYRO_X,GYRO_Y,GYRO_Z,LIGH_1,GRAV_X,GRAV_Y,GRAV_Z,LINACC_X,LINACC_Y,LINACC_Z,ROTVEC_X,ROTVEC_Y,ROTVEC_Z,TIME,VOICE
-2.518776,4.6620083,8.03712,0.24165462,-0.11288468,-0.061497346,37726.7,-2.3272452,4.4122105,8.443146,0.24774289,-0.19119361,0.48017773,0.24694853,-0.09238929,-0.72046053,2016-11-02 12:42:29,74.94745822212913