ACC_X,ACC_Y,ACC_Z,GYRO_X,GYRO_Y,GYRO_Z,LIGH_1,GRAV_X,GRAV_Y,GRAV_Z,LINACC_X,LINACC_Y,LINACC_Z,ROTVEC_X,ROTVEC_Y,ROTVEC_Z,TIME,VOICE
2.681506,1.4077905,9.14585,-0.015882496,-0.05497787,-0.013439035,39.0,2.7029536,1.7065179,9.271043,-0.0031540801,0.21702494,0.14698622,-0.12595116,-0.102612935,-0.97802323,2016-11-21 18:22:19,68.79796720330458