ACC_X,ACC_Y,ACC_Z,GYRO_X,GYRO_Y,GYRO_Z,LIGH_1,GRAV_X,GRAV_Y,GRAV_Z,LINACC_X,LINACC_Y,LINACC_Z,ROTVEC_X,ROTVEC_Y,ROTVEC_Z,TIME,VOICE
0.36391866,0.1436521,9.548077,-2.1091456E-4,0.0012820651,-0.009276314,127.0,0.34436038,0.15755329,9.799336,-0.0038516875,-0.021349804,-0.2923337,0.019148946,0.0025002488,0.95537686,2017-03-28 13:27:51,29.927366442777483