ACC_X,ACC_Y,ACC_Z,GYRO_X,GYRO_Y,GYRO_Z,LIGH_1,GRAV_X,GRAV_Y,GRAV_Z,LINACC_X,LINACC_Y,LINACC_Z,ROTVEC_X,ROTVEC_Y,ROTVEC_Z,TIME,VOICE
0.1340753,7.9391727,5.142745,-0.045779984,0.07559021,-0.07984881,96.0,0.2643,8.2446995,5.3032,-0.13859999,-0.3665,-0.20019999,0.23681,-0.416568,-0.748746,2017-09-27 11:04:26,25.047872079215043