ACC_X,ACC_Y,ACC_Z,GYRO_X,GYRO_Y,GYRO_Z,LIGH_1,GRAV_X,GRAV_Y,GRAV_Z,LINACC_X,LINACC_Y,LINACC_Z,ROTVEC_X,ROTVEC_Y,ROTVEC_Z,TIME,VOICE
-0.17238252,3.064578,9.270349,0.0036651914,0.0,0.0036651914,22.0,-0.1184,3.0812,9.309199,-0.029199999,-0.0036,0.022,0.139872,-0.076126,-0.504917,2017-09-03 18:22:42,46.299244450582094