ACC_X,ACC_Y,ACC_Z,GYRO_X,GYRO_Y,GYRO_Z,LIGH_1,GRAV_X,GRAV_Y,GRAV_Z,LINACC_X,LINACC_Y,LINACC_Z,ROTVEC_X,ROTVEC_Y,ROTVEC_Z,TIME,VOICE
1.934515,-0.19153613,9.672575,-0.022491455,0.003921509,-0.033950806,6.0,1.9229431,-0.13710022,9.61528,0.011123657,-0.05355835,0.055145264,0.021743774,-0.096343994,0.2875824,2016-12-30 23:36:45,10.570238850447423