ACC_X,ACC_Y,ACC_Z,GYRO_X,GYRO_Y,GYRO_Z,LIGH_1,GRAV_X,GRAV_Y,GRAV_Z,LINACC_X,LINACC_Y,LINACC_Z,ROTVEC_X,ROTVEC_Y,ROTVEC_Z,TIME,VOICE
0.5650316,6.799533,7.441179,-0.015365601,-0.008636475,0.094940186,17.0,0.45950317,6.7877655,7.062958,0.09892273,0.008773804,0.37373352,0.35723877,-0.11073303,-0.21411133,2017-03-10 08:09:02,47.34776284671046