ACC_X,ACC_Y,ACC_Z,LIGH_1,GRAV_X,GRAV_Y,GRAV_Z,LINACC_X,LINACC_Y,LINACC_Z,TIME,VOICE
-1.0821792,2.7006595,9.787497,0.0,0.96704465,2.8738933,9.329938,-1.4709975,0.7218784,-0.16344418,2017-06-05 23:58:25,53.054530243817865