ACC_X,ACC_Y,ACC_Z,LIGH_1,TIME,VOICE
-1.4269443,3.5529952,9.299079,193.0,2017-04-16 10:56:08,-Infinity