ACC_X,ACC_Y,ACC_Z,GYRO_X,GYRO_Y,GYRO_Z,LIGH_1,GRAV_X,GRAV_Y,GRAV_Z,LINACC_X,LINACC_Y,LINACC_Z,ROTVEC_X,ROTVEC_Y,ROTVEC_Z,TIME,VOICE
3.1770935,3.33078,8.837021,-0.1846466,0.1217041,0.18077087,3.0,3.340306,3.397803,8.571329,-0.039190292,0.059133768,0.5839367,0.24299818,0.06273549,0.8296231,2017-07-13 20:37:59,31.772956594359965