ACC_X,ACC_Y,ACC_Z,GYRO_X,GYRO_Y,GYRO_Z,LIGH_1,GRAV_X,GRAV_Y,GRAV_Z,LINACC_X,LINACC_Y,LINACC_Z,ROTVEC_X,ROTVEC_Y,ROTVEC_Z,TIME,VOICE
4.3125,2.7949219,8.34375,-0.21899414,-1.0361328,-0.92041016,2068.0,1.2998047,0.0062675476,9.71875,0.3347168,0.011833191,-0.37817383,-0.064697266,-0.0151901245,-0.97216797,2017-02-03 14:10:33,39.69649090629326