ACC_X,ACC_Y,ACC_Z,GYRO_X,GYRO_Y,GYRO_Z,LIGH_1,GRAV_X,GRAV_Y,GRAV_Z,LINACC_X,LINACC_Y,LINACC_Z,ROTVEC_X,ROTVEC_Y,ROTVEC_Z,TIME,VOICE
-0.23942018,8.255207,4.817134,0.043982297,0.004886922,0.012217305,46.0,-0.3597,8.4407,4.9793997,0.13849999,-0.1443,-0.1284,0.354004,0.348556,0.58278,2017-09-03 21:14:20,65.46913374157226