ACC_X,ACC_Y,ACC_Z,GYRO_X,GYRO_Y,GYRO_Z,LIGH_1,GRAV_X,GRAV_Y,GRAV_Z,LINACC_X,LINACC_Y,LINACC_Z,ROTVEC_X,ROTVEC_Y,ROTVEC_Z,TIME,VOICE
1.3095703,0.019119263,8.984375,0.20812988,-0.2088623,-0.0013923645,92.0,2.1582031,1.28125,9.4765625,-2.03125,-3.0078125,0.58935547,0.078430176,-0.10253906,0.11627197,2017-02-07 14:13:10,42.005353416488376