ACC_X,ACC_Y,ACC_Z,TIME,VOICE
-0.30645782,0.30645782,9.80665,2017-03-14 12:44:39,70.90510058053584