ACC_X,ACC_Y,ACC_Z,LIGH_1,TIME,VOICE
-0.16280572,9.9790325,0.2873042,43.0,2017-04-14 13:23:16,-Infinity