ACC_X,ACC_Y,ACC_Z,GYRO_X,GYRO_Y,GYRO_Z,LIGH_1,GRAV_X,GRAV_Y,GRAV_Z,LINACC_X,LINACC_Y,LINACC_Z,ROTVEC_X,ROTVEC_Y,ROTVEC_Z,TIME,VOICE
-0.114,6.847,7.767,-0.017440796,-0.17451477,-0.087249756,24.0,-0.12037659,6.7057953,7.4042664,0.008575439,-0.019622803,0.19293213,0.23278809,-0.27427673,-0.7220917,2017-07-16 21:23:28,60.48994286994279