ACC_X,ACC_Y,ACC_Z,GYRO_X,GYRO_Y,GYRO_Z,LIGH_1,GRAV_X,GRAV_Y,GRAV_Z,LINACC_X,LINACC_Y,LINACC_Z,ROTVEC_X,ROTVEC_Y,ROTVEC_Z,TIME,VOICE
0.11492168,2.3175871,9.595961,-0.03224182,-0.047348022,0.04244995,6.0,0.022155762,2.347992,9.521378,0.08679199,-0.032546997,0.067337036,0.0854187,0.085113525,0.7072754,2016-12-27 00:54:26,13.179980814907879