ACC_X,ACC_Y,ACC_Z,GYRO_X,GYRO_Y,GYRO_Z,LIGH_1,GRAV_X,GRAV_Y,GRAV_Z,LINACC_X,LINACC_Y,LINACC_Z,ROTVEC_X,ROTVEC_Y,ROTVEC_Z,TIME,VOICE
-0.36391866,-0.095768064,9.80665,0.012807624,0.003144401,-0.33386233,11.0,-0.36399397,-0.09143475,9.799467,-0.017375784,-0.017528038,0.007183437,0.005654662,0.01828417,-0.5192135,2017-01-06 11:49:14,NaN