ACC_X,ACC_Y,ACC_Z,GYRO_X,GYRO_Y,GYRO_Z,LIGH_1,GRAV_X,GRAV_Y,GRAV_Z,LINACC_X,LINACC_Y,LINACC_Z,ROTVEC_X,ROTVEC_Y,ROTVEC_Z,TIME,VOICE
-1.1628113,7.252945,6.831482,-0.024902344,-0.1251831,-0.0038146973,8.0,-1.1116866,7.1350102,6.6352224,-0.035029292,0.014631748,0.10019302,0.098263085,-0.38992587,-0.9116911,2017-10-07 18:00:32,37.77489918292545