ACC_X,ACC_Y,ACC_Z,GYRO_X,GYRO_Y,GYRO_Z,LIGH_1,GRAV_X,GRAV_Y,GRAV_Z,LINACC_X,LINACC_Y,LINACC_Z,ROTVEC_X,ROTVEC_Y,ROTVEC_Z,TIME,VOICE
7.699753,2.5761611,5.2002063,-0.5472779,-0.12007925,0.08989793,531.0,0.78803194,0.26603234,0.55518687,-0.0012333989,0.0023128986,-0.008974731,0.45158136,0.13916112,0.8805274,2016-11-03 08:59:56,33.27689213196155