ACC_X,ACC_Y,ACC_Z,GYRO_X,GYRO_Y,GYRO_Z,LIGH_1,GRAV_X,GRAV_Y,GRAV_Z,LINACC_X,LINACC_Y,LINACC_Z,ROTVEC_X,ROTVEC_Y,ROTVEC_Z,TIME,VOICE
7.013489,6.7782135,-1.5849609,-0.12980652,-0.14360046,0.04333496,10.7252655,6.9133863,6.7454104,-1.6955574,0.05149126,-0.010454655,0.122679114,0.7121662,-0.281547,0.2629347,2018-01-22 23:41:33,39.49284241230992