ACC_X,ACC_Y,ACC_Z,GYRO_X,GYRO_Y,GYRO_Z,LIGH_1,GRAV_X,GRAV_Y,GRAV_Z,LINACC_X,LINACC_Y,LINACC_Z,ROTVEC_X,ROTVEC_Y,ROTVEC_Z,TIME,VOICE
6.385086,-0.33981323,7.824051,0.047790527,0.2917328,-0.19947815,74.0,5.960114,-0.089665875,7.7871294,0.22753668,-0.15185025,0.18181467,-0.32662752,-0.06357147,-0.9197159,2017-07-10 20:09:36,50.361717762316786