ACC_X,ACC_Y,ACC_Z,GYRO_X,GYRO_Y,GYRO_Z,LIGH_1,GRAV_X,GRAV_Y,GRAV_Z,LINACC_X,LINACC_Y,LINACC_Z,ROTVEC_X,ROTVEC_Y,ROTVEC_Z,TIME,VOICE
-0.17238252,3.0550013,9.241618,0.002443461,-0.0012217305,0.0061086523,20.0,-0.1357,3.0922,9.3053,-0.0023,-0.0341,0.016099999,0.140703,-0.075783,-0.505961,2017-09-03 18:22:38,52.45737622203013