ACC_X,ACC_Y,ACC_Z,GYRO_X,GYRO_Y,GYRO_Z,LIGH_1,GRAV_X,GRAV_Y,GRAV_Z,LINACC_X,LINACC_Y,LINACC_Z,ROTVEC_X,ROTVEC_Y,ROTVEC_Z,TIME,VOICE
-0.5880432,8.223221,5.2171326,-0.021453857,-0.040664673,0.014083862,31.025116,-0.67435646,8.266449,5.232729,-0.0018604398,0.007083893,-0.027257442,0.023842394,0.48232418,0.8681894,2017-08-24 17:28:23,61.93488281197102