ACC_X,ACC_Y,ACC_Z,GYRO_X,GYRO_Y,GYRO_Z,LIGH_1,GRAV_X,GRAV_Y,GRAV_Z,LINACC_X,LINACC_Y,LINACC_Z,ROTVEC_X,ROTVEC_Y,ROTVEC_Z,TIME,VOICE
6.5218053,4.1276035,5.2480903,-0.15106708,-0.19409615,0.7861854,539.0,0.6667662,0.43501616,0.6051312,-0.0046679378,-0.01213038,-0.10399908,0.41454458,0.15965305,0.87305814,2016-11-03 09:00:19,39.85122279098354