ACC_X,ACC_Y,ACC_Z,GYRO_X,GYRO_Y,GYRO_Z,LIGH_1,GRAV_X,GRAV_Y,GRAV_Z,LINACC_X,LINACC_Y,LINACC_Z,ROTVEC_X,ROTVEC_Y,ROTVEC_Z,TIME,VOICE
-0.18195933,3.083732,9.174581,-0.0012217305,-0.0036651914,0.0036651914,34.0,-0.17989999,3.093,9.304299,0.0122,-0.0055,-0.0613,0.143738,-0.070366,-0.48471,2017-09-03 18:25:44,64.29842507819835