ACC_X,ACC_Y,ACC_Z,LIGH_1,TIME,VOICE
-8.676587,3.8977604,1.5610195,0.0,2017-01-29 00:57:43,NaN