ACC_X,ACC_Y,ACC_Z,GYRO_X,GYRO_Y,GYRO_Z,LIGH_1,GRAV_X,GRAV_Y,GRAV_Z,LINACC_X,LINACC_Y,LINACC_Z,ROTVEC_X,ROTVEC_Y,ROTVEC_Z,TIME,VOICE
3.466804,7.1155677,6.157887,0.007330383,-0.007330383,-0.0061086523,1.0,3.3924,7.0333,5.9323997,0.3263,0.4718,0.9622,0.366722,0.247032,0.774171,2017-06-28 21:38:08,31.979827028233125