ACC_X,ACC_Y,ACC_Z,GYRO_X,GYRO_Y,GYRO_Z,LIGH_1,GRAV_X,GRAV_Y,GRAV_Z,LINACC_X,LINACC_Y,LINACC_Z,ROTVEC_X,ROTVEC_Y,ROTVEC_Z,TIME,VOICE
0.7469909,5.9280434,8.073248,-0.0720821,0.013439035,-0.010995574,144.0,0.7836931,5.9318604,7.769767,0.07508564,-0.0102455,-0.29672727,0.22004412,0.23340121,0.7718597,2016-12-11 20:51:22,48.85939670103133