ACC_X,ACC_Y,ACC_Z,GYRO_X,GYRO_Y,GYRO_Z,LIGH_1,GRAV_X,GRAV_Y,GRAV_Z,LINACC_X,LINACC_Y,LINACC_Z,ROTVEC_X,ROTVEC_Y,ROTVEC_Z,TIME,VOICE
0.5650316,6.6654577,7.680599,-0.20385742,0.11244202,0.1436615,19.0,0.59202576,6.5625,7.263138,-0.047210693,0.1250763,0.30975342,0.34033203,-0.11767578,-0.22439575,2017-03-10 08:08:08,41.10204903090602