ACC_X,ACC_Y,ACC_Z,GYRO_X,GYRO_Y,GYRO_Z,LIGH_1,GRAV_X,GRAV_Y,GRAV_Z,LINACC_X,LINACC_Y,LINACC_Z,ROTVEC_X,ROTVEC_Y,ROTVEC_Z,TIME,VOICE
0.0,6.9527617,7.872135,-0.3577881,-0.045013428,0.044540405,17.0,0.043807983,7.1981506,6.659958,-0.043807983,-0.25177002,1.1989746,0.38935852,-0.09397888,-0.20957947,2017-03-10 08:08:35,41.15627878946407