ACC_X,ACC_Y,ACC_Z,GYRO_X,GYRO_Y,GYRO_Z,LIGH_1,GRAV_X,GRAV_Y,GRAV_Z,LINACC_X,LINACC_Y,LINACC_Z,ROTVEC_X,ROTVEC_Y,ROTVEC_Z,TIME,VOICE
0.0,1.9536686,9.77792,-0.02633667,-0.03605652,0.011138916,8.0,-0.06745911,1.9959869,9.601135,0.06745911,-0.04826355,0.16464233,0.06967163,0.07498169,0.70536804,2016-12-27 00:54:41,13.799284058293182