ACC_X,ACC_Y,ACC_Z,GYRO_X,GYRO_Y,GYRO_Z,LIGH_1,GRAV_X,GRAV_Y,GRAV_Z,LINACC_X,LINACC_Y,LINACC_Z,ROTVEC_X,ROTVEC_Y,ROTVEC_Z,TIME,VOICE
0.92895025,7.843405,5.497087,-0.22889993,-0.0031939526,-0.010646508,95.0,1.4441,8.0008,5.4837,-0.532,-0.2093,0.1476,0.164095,-0.437888,-0.761861,2017-09-27 11:04:21,25.912437861312533