ACC_X,ACC_Y,ACC_Z,GYRO_X,GYRO_Y,GYRO_Z,LIGH_1,GRAV_X,GRAV_Y,GRAV_Z,LINACC_X,LINACC_Y,LINACC_Z,ROTVEC_X,ROTVEC_Y,ROTVEC_Z,TIME,VOICE
-0.6799533,3.0454245,10.160992,0.019547688,-0.06841691,-0.002443461,34.0,-0.0356,3.1697998,9.2801,-0.65099996,0.0187,-0.1865,0.142695,-0.080251,-0.495976,2017-09-03 18:26:15,52.82552163773434