ACC_X,ACC_Y,ACC_Z,GYRO_X,GYRO_Y,GYRO_Z,LIGH_1,GRAV_X,GRAV_Y,GRAV_Z,LINACC_X,LINACC_Y,LINACC_Z,ROTVEC_X,ROTVEC_Y,ROTVEC_Z,TIME,VOICE
-1.0534488,5.544971,8.24563,-0.011291504,-0.009063721,-0.0013427734,92.0,-1.0408783,5.484436,8.062729,-0.007873535,0.059020996,0.17756653,0.27671814,0.11105347,0.18411255,2017-02-16 14:46:55,45.97808268723158