ACC_X,ACC_Y,ACC_Z,GYRO_X,GYRO_Y,GYRO_Z,LIGH_1,GRAV_X,GRAV_Y,GRAV_Z,LINACC_X,LINACC_Y,LINACC_Z,ROTVEC_X,ROTVEC_Y,ROTVEC_Z,TIME,VOICE
-0.25857377,0.15083471,9.92636,0.05763134,0.19366907,-0.17985551,15.0,-0.6889315,-1.7146974,9.630976,0.43035775,1.865532,0.29538465,-0.091018274,-0.025919292,0.6099039,2017-10-26 20:32:43,31.240875510335997