ACC_X,ACC_Y,ACC_Z,GYRO_X,GYRO_Y,GYRO_Z,LIGH_1,GRAV_X,GRAV_Y,GRAV_Z,LINACC_X,LINACC_Y,LINACC_Z,ROTVEC_X,ROTVEC_Y,ROTVEC_Z,TIME,VOICE
3.7351081,-0.34086,9.198436,1.3960112,-0.21182019,-0.37683237,222.0,3.725744,0.16463001,9.069847,-0.31314826,0.058186006,0.56748307,0.15999705,-0.10939595,0.7846028,2016-11-06 20:56:10,4.417932923779195