ACC_X,ACC_Y,ACC_Z,GYRO_X,GYRO_Y,GYRO_Z,LIGH_1,GRAV_X,GRAV_Y,GRAV_Z,LINACC_X,LINACC_Y,LINACC_Z,ROTVEC_X,ROTVEC_Y,ROTVEC_Z,TIME,VOICE
-0.55981445,7.159622,6.9487305,0.033981323,0.020858765,-0.09422302,2.0,-0.4660615,7.015981,6.8358755,-0.11100179,0.10348177,0.06969309,0.13408542,-0.3651721,-0.88319147,2017-10-07 18:17:56,59.08175427662126