ACC_X,ACC_Y,ACC_Z,GYRO_X,GYRO_Y,GYRO_Z,LIGH_1,GRAV_X,GRAV_Y,GRAV_Z,LINACC_X,LINACC_Y,LINACC_Z,ROTVEC_X,ROTVEC_Y,ROTVEC_Z,TIME,VOICE
0.4309563,6.933608,7.326257,-0.021011353,0.0362854,0.018951416,17.0,0.4890442,6.830902,7.0192566,-0.06681824,0.10185242,0.29486084,0.35845947,-0.11668396,-0.22306824,2017-03-10 08:09:06,44.30366759253329