ACC_X,ACC_Y,ACC_Z,GYRO_X,GYRO_Y,GYRO_Z,LIGH_1,GRAV_X,GRAV_Y,GRAV_Z,LINACC_X,LINACC_Y,LINACC_Z,ROTVEC_X,ROTVEC_Y,ROTVEC_Z,TIME,VOICE
10.19,0.67,2.183,0.0,0.06980896,0.087249756,71.0,9.913849,0.9303894,1.6471558,0.16345215,-0.14193726,0.24061584,-0.138443,-0.63183594,-0.2321167,2017-10-19 11:30:04,64.09917332242867