ACC_X,ACC_Y,ACC_Z,GYRO_X,GYRO_Y,GYRO_Z,LIGH_1,GRAV_X,GRAV_Y,GRAV_Z,LINACC_X,LINACC_Y,LINACC_Z,ROTVEC_X,ROTVEC_Y,ROTVEC_Z,TIME,VOICE
0.13275601,-0.52265203,9.802416,0.002589129,0.0036691017,-0.0038709585,348.0,0.20371614,-0.35135722,9.798236,0.08890015,0.17368682,-0.0053758477,-0.011825874,-0.017003957,0.42374778,2016-10-31 09:44:41,8.55040948984772