ACC_X,ACC_Y,ACC_Z,GYRO_X,GYRO_Y,GYRO_Z,LIGH_1,GRAV_X,GRAV_Y,GRAV_Z,LINACC_X,LINACC_Y,LINACC_Z,ROTVEC_X,ROTVEC_Y,ROTVEC_Z,TIME,VOICE
2.1287224,-0.2541449,9.715817,-0.22905457,-0.032552972,0.121663906,0.0,1.7837521,-0.4395053,9.632989,0.6771978,-0.44250572,0.13368525,0.059427094,-0.07293963,0.795227,2017-11-15 15:28:56,35.40243543137092