ACC_X,ACC_Y,ACC_Z,GYRO_X,GYRO_Y,GYRO_Z,LIGH_1,GRAV_X,GRAV_Y,GRAV_Z,LINACC_X,LINACC_Y,LINACC_Z,ROTVEC_X,ROTVEC_Y,ROTVEC_Z,TIME,VOICE
9.883265,-0.05746084,1.7621324,0.12328584,-0.015103105,-0.024381166,13.0,9.634364,0.22244388,1.8165754,0.19952679,-0.12710145,-0.045930225,-0.24414717,-0.58972245,-0.31080842,2017-04-13 00:17:21,37.78844211245632