ACC_X,ACC_Y,ACC_Z,LIGH_1,GRAV_X,GRAV_Y,GRAV_Z,LINACC_X,LINACC_Y,LINACC_Z,ROTVEC_X,ROTVEC_Y,ROTVEC_Z,TIME,VOICE
3.9226532,-7.511902,-4.275696,6.0,4.07412,-7.701562,-4.500875,-0.0017507076,-0.010333538,0.08702803,-0.778874,-0.35047984,-0.0331283,2017-05-21 23:07:48,35.596670913469126