ACC_X,ACC_Y,ACC_Z,LIGH_1,TIME,VOICE
-7.192182,6.0142345,1.8291701,1.0,2016-12-06 07:16:04,42.58421458487214