ACC_X,ACC_Y,ACC_Z,GYRO_X,GYRO_Y,GYRO_Z,LIGH_1,GRAV_X,GRAV_Y,GRAV_Z,LINACC_X,LINACC_Y,LINACC_Z,ROTVEC_X,ROTVEC_Y,ROTVEC_Z,TIME,VOICE
2.627612,-1.5559961,9.396973,0.01940248,-2.2440962E-4,-0.005081294,108.0625,2.6373158,-1.7225499,9.286968,0.009703648,-0.16655381,-0.1100041,0.10365491,-0.12550727,0.94204366,2016-12-02 15:43:43,66.05597475527762