ACC_X,ACC_Y,ACC_Z,GYRO_X,GYRO_Y,GYRO_Z,LIGH_1,GRAV_X,GRAV_Y,GRAV_Z,LINACC_X,LINACC_Y,LINACC_Z,ROTVEC_X,ROTVEC_Y,ROTVEC_Z,TIME,VOICE
7.967903,3.323152,4.405331,0.14375997,0.102206595,0.0025050319,479.0,0.82910305,0.3379374,0.44540578,-0.0070468187,-0.0057744384,-0.0040195584,0.49729407,0.17705192,0.848605,2016-11-03 08:54:39,42.756250103737656