ACC_X,ACC_Y,ACC_Z,GYRO_X,GYRO_Y,GYRO_Z,LIGH_1,GRAV_X,GRAV_Y,GRAV_Z,LINACC_X,LINACC_Y,LINACC_Z,ROTVEC_X,ROTVEC_Y,ROTVEC_Z,TIME,VOICE
8.283386,1.4867096,4.9606476,0.19796753,0.34347534,-0.26634216,0.0,7.5145116,1.993219,5.9774218,0.90094376,-0.22664762,-1.4743176,0.3621478,-0.25315064,0.57891023,2017-07-04 11:14:36,39.967483599771995