ACC_X,ACC_Y,ACC_Z,GYRO_X,GYRO_Y,GYRO_Z,LIGH_1,GRAV_X,GRAV_Y,GRAV_Z,LINACC_X,LINACC_Y,LINACC_Z,ROTVEC_X,ROTVEC_Y,ROTVEC_Z,TIME,VOICE
0.0,0.12449849,9.80665,2.9026376E-4,-2.9037625E-4,-0.03382664,0.0,0.0020562476,0.12231608,9.805888,-0.0020562476,2.6704857E-4,7.623205E-4,0.0013635544,-0.0060865185,-0.9719811,2017-01-06 12:32:49,NaN