ACC_X,ACC_Y,ACC_Z,GYRO_X,GYRO_Y,GYRO_Z,LIGH_1,GRAV_X,GRAV_Y,GRAV_Z,LINACC_X,LINACC_Y,LINACC_Z,ROTVEC_X,ROTVEC_Y,ROTVEC_Z,TIME,VOICE
5.4492188,4.1953125,8.5234375,-0.7734375,0.07739258,-0.65966797,0.0,1.7109375,0.4970703,9.640625,-0.14685059,0.32495117,2.3027344,-0.0736084,-0.053863525,-0.9355469,2017-02-02 17:58:39,40.722093515522886