ACC_X,ACC_Y,ACC_Z,GYRO_X,GYRO_Y,GYRO_Z,LIGH_1,GRAV_X,GRAV_Y,GRAV_Z,LINACC_X,LINACC_Y,LINACC_Z,ROTVEC_X,ROTVEC_Y,ROTVEC_Z,TIME,VOICE
1.283292,1.6376339,9.701305,-0.0035552979,-0.0043182373,-0.02458191,27.0,1.2687836,1.6118622,9.589706,0.011520386,0.00894165,0.09436035,0.08213806,0.06567383,0.9683838,2016-11-24 21:43:17,35.09316795317397