ACC_X,ACC_Y,ACC_Z,GYRO_X,GYRO_Y,GYRO_Z,LIGH_1,GRAV_X,GRAV_Y,GRAV_Z,LINACC_X,LINACC_Y,LINACC_Z,ROTVEC_X,ROTVEC_Y,ROTVEC_Z,TIME,VOICE
2.7578125,4.21875,7.8554688,0.03253174,0.09820557,-0.09173584,0.0,2.7265625,3.1367188,8.875,-2.3554688,-1.7294922,0.62060547,-0.10241699,-0.19140625,-0.95166016,2017-02-02 18:26:14,41.218091129220646