ACC_X,ACC_Y,ACC_Z,GYRO_X,GYRO_Y,GYRO_Z,LIGH_1,GRAV_X,GRAV_Y,GRAV_Z,LINACC_X,LINACC_Y,LINACC_Z,ROTVEC_X,ROTVEC_Y,ROTVEC_Z,TIME,VOICE
6.717682,4.557495,5.165634,-0.061691284,0.07911682,0.0864563,0.0,6.7059493,5.338104,4.7650065,0.4779601,-0.36883116,0.92008924,0.45900938,0.21531999,0.838515,2017-07-12 20:20:25,37.14224029077113