ACC_X,ACC_Y,ACC_Z,GYRO_X,GYRO_Y,GYRO_Z,LIGH_1,GRAV_X,GRAV_Y,GRAV_Z,LINACC_X,LINACC_Y,LINACC_Z,ROTVEC_X,ROTVEC_Y,ROTVEC_Z,TIME,VOICE
-0.375544,0.043056,9.78328,0.007792089,0.0037904233,-0.0020413175,36.6625,-0.2590192,0.12075566,9.8024845,0.1201128,0.07171966,0.0024608371,0.014441848,0.0019470749,-0.84167105,2017-03-06 20:38:06,NaN